Create database BookingDorm;
Use BookingDorm;
CREATE TABLE `user` (
                        `user_id` int NOT NULL AUTO_INCREMENT,
                        `username` varchar(50) NOT NULL,
                        `password` varchar(255) DEFAULT NULL,
                        `role_user` enum('ADMIN','EMPLOYEE','USER') DEFAULT NULL,
                        `gender` enum('Male','Female','Other') DEFAULT NULL,
                        `birthdate` date DEFAULT NULL,
                        `phone_number` varchar(20) DEFAULT NULL,
                        `address` varchar(255) DEFAULT NULL,
                        `email` varchar(100) DEFAULT NULL,
                        `cccd_number` varchar(12) DEFAULT NULL,
                        `avatar` varchar(255) DEFAULT NULL,
                        `front_cccd_image` varchar(255) DEFAULT NULL,
                        `back_cccd_image` varchar(255) DEFAULT NULL,
                        `is_active` tinyint(1) DEFAULT '1',
                        `is_profile_complete` tinyint(1) DEFAULT '0',
                        `created_at` timestamp NULL DEFAULT CURRENT_TIMESTAMP,
                        `updated_at` timestamp NULL DEFAULT CURRENT_TIMESTAMP ON UPDATE CURRENT_TIMESTAMP,
                        PRIMARY KEY (`user_id`)
);



CREATE TABLE `new` (
                       `news_id` bigint NOT NULL AUTO_INCREMENT,
                       `title` varchar(255) NOT NULL,
                       `content` text NOT NULL,
                       `image_url` varchar(255) DEFAULT NULL,
                       `created_at` timestamp NULL DEFAULT CURRENT_TIMESTAMP,
                       `updated_at` timestamp NULL DEFAULT CURRENT_TIMESTAMP ON UPDATE CURRENT_TIMESTAMP,
                       PRIMARY KEY (`news_id`)
);


CREATE TABLE `dorm` (
                        `dorm_id` int NOT NULL AUTO_INCREMENT,
                        `dorm_name` varchar(10) NOT NULL,
                        `dorm_gender` enum('Male','Female','Other') NOT NULL,
                        `created_at` timestamp NULL DEFAULT CURRENT_TIMESTAMP,
                        `updated_at` timestamp NULL DEFAULT CURRENT_TIMESTAMP ON UPDATE CURRENT_TIMESTAMP,
                        PRIMARY KEY (`dorm_id`)
);


CREATE TABLE `floors` (
                          `floor_id` int NOT NULL AUTO_INCREMENT,
                          `dorm_id` int NOT NULL,
                          `floor_number` int NOT NULL,
                          `created_at` timestamp NULL DEFAULT CURRENT_TIMESTAMP,
                          `updated_at` timestamp NULL DEFAULT CURRENT_TIMESTAMP ON UPDATE CURRENT_TIMESTAMP,
                          PRIMARY KEY (`floor_id`),
                          KEY `dorm_id` (`dorm_id`),
                          CONSTRAINT `floors_ibfk_1` FOREIGN KEY (`dorm_id`) REFERENCES `dorm` (`dorm_id`)
);


CREATE TABLE `room` (
                        `room_id` int NOT NULL AUTO_INCREMENT,
                        `floor_id` int NOT NULL,
                        `room_number` varchar(20) NOT NULL,
                        `capacity` int NOT NULL,
                        `price_per_bed` float NOT NULL,
                        `created_at` timestamp NULL DEFAULT CURRENT_TIMESTAMP,
                        `updated_at` timestamp NULL DEFAULT CURRENT_TIMESTAMP ON UPDATE CURRENT_TIMESTAMP,
                        `room_status` enum('Available','Occupied','Maintenance') DEFAULT NULL,
                        `status` enum('Active','Inactive') DEFAULT NULL,
                        PRIMARY KEY (`room_id`),
                        KEY `floor_id` (`floor_id`),
                        CONSTRAINT `room_ibfk_1` FOREIGN KEY (`floor_id`) REFERENCES `floors` (`floor_id`)
);


CREATE TABLE `bed` (
                       `bed_id` int NOT NULL AUTO_INCREMENT,
                       `room_id` int NOT NULL,
                       `is_available` tinyint(1) NOT NULL DEFAULT '1',
                       `maintenance_status` enum('Available','Under Maintenance') NOT NULL DEFAULT 'Available',
                       `created_at` timestamp NULL DEFAULT CURRENT_TIMESTAMP,
                       `updated_at` timestamp NULL DEFAULT CURRENT_TIMESTAMP ON UPDATE CURRENT_TIMESTAMP,
                       `bed_name` varchar(255) NOT NULL,
                       `bed_number` int NOT NULL,
                       PRIMARY KEY (`bed_id`),
                       KEY `room_id` (`room_id`),
                       CONSTRAINT `bed_ibfk_1` FOREIGN KEY (`room_id`) REFERENCES `room` (`room_id`)
);


CREATE TABLE `booking` (
                           `booking_id` int NOT NULL AUTO_INCREMENT,
                           `bed_id` int NOT NULL,
                           `user_id` int NOT NULL,
                           `start_date` date NOT NULL,
                           `end_date` date NOT NULL,
                           `total_price` float NOT NULL,
                           `amount_paid` float DEFAULT '0',
                           `refund_amount` float DEFAULT '0',
                           `refund_date` date DEFAULT NULL,
                           `booking_date` datetime NOT NULL DEFAULT CURRENT_TIMESTAMP,
                           `status` enum('Pending','Confirmed','Canceled') NOT NULL DEFAULT 'Pending',
                           `created_at` timestamp NULL DEFAULT CURRENT_TIMESTAMP,
                           `updated_at` timestamp NULL DEFAULT CURRENT_TIMESTAMP ON UPDATE CURRENT_TIMESTAMP,
                           `check_in_date` date DEFAULT NULL,
                           `check_out_date` date DEFAULT NULL,
                           `deposit` decimal(38,2) DEFAULT NULL,
                           `room_id` int NOT NULL,
                           `total_amount` decimal(38,2) DEFAULT NULL,
                           PRIMARY KEY (`booking_id`),
                           KEY `bed_id` (`bed_id`),
                           KEY `user_id` (`user_id`),
                           KEY `FKq83pan5xy2a6rn0qsl9bckqai` (`room_id`),
                           CONSTRAINT `booking_ibfk_1` FOREIGN KEY (`bed_id`) REFERENCES `bed` (`bed_id`),
                           CONSTRAINT `booking_ibfk_2` FOREIGN KEY (`user_id`) REFERENCES `user` (`user_id`),
                           CONSTRAINT `FKq83pan5xy2a6rn0qsl9bckqai` FOREIGN KEY (`room_id`) REFERENCES `room` (`room_id`)
);


CREATE TABLE `usage_service` (
                                 `service_booking_id` int NOT NULL AUTO_INCREMENT,
                                 `user_id` int NOT NULL,
                                 `booking_id` int NOT NULL,
                                 `electricity` float NOT NULL,
                                 `water` float NOT NULL,
                                 `others` float NOT NULL,
                                 `payment_method` enum('Paypal','BankQRCode') NULL,
                                 `created_at` timestamp NULL DEFAULT CURRENT_TIMESTAMP,
                                 `quantity` float DEFAULT NULL,
                                 PRIMARY KEY (`service_booking_id`),
                                 KEY `user_id` (`user_id`),
                                 KEY `booking_id` (`booking_id`),
                                 CONSTRAINT `usage_service_ibfk_1` FOREIGN KEY (`user_id`) REFERENCES `user` (`user_id`),
                                 CONSTRAINT `usage_service_ibfk_2` FOREIGN KEY (`booking_id`) REFERENCES `booking` (`booking_id`)
);


CREATE TABLE `payment` (
                           `payment_id` int NOT NULL AUTO_INCREMENT,
                           `booking_id` int NOT NULL,
                           `payment_method` enum('PayPal','BankQRCode')NULL,
                           `payment_detail` varchar(255) DEFAULT NULL,
                           `payment_date` datetime NOT NULL DEFAULT CURRENT_TIMESTAMP,
                           `created_at` timestamp NULL DEFAULT CURRENT_TIMESTAMP,
                           `updated_at` timestamp NULL DEFAULT CURRENT_TIMESTAMP ON UPDATE CURRENT_TIMESTAMP,
                           PRIMARY KEY (`payment_id`),
                           KEY `booking_id` (`booking_id`),
                           CONSTRAINT `payment_ibfk_1` FOREIGN KEY (`booking_id`) REFERENCES `booking` (`booking_id`)
);


CREATE TABLE `notification` (
                                `notification_id` int NOT NULL AUTO_INCREMENT,
                                `user_id` int DEFAULT NULL,
                                `content` text,
                                `is_read` tinyint(1) DEFAULT '0',
                                `created_at` timestamp NULL DEFAULT CURRENT_TIMESTAMP,
                                PRIMARY KEY (`notification_id`),
                                KEY `user_id` (`user_id`),
                                CONSTRAINT `notification_ibfk_1` FOREIGN KEY (`user_id`) REFERENCES `user` (`user_id`)
);


CREATE TABLE `feedback` (
                            `feedback_id` int NOT NULL AUTO_INCREMENT,
                            `user_id` int DEFAULT NULL,
                            `booking_id` int DEFAULT NULL,
                            `rating` int DEFAULT NULL,
                            `comment` text,
                            `created_at` timestamp NULL DEFAULT CURRENT_TIMESTAMP,
                            PRIMARY KEY (`feedback_id`),
                            KEY `user_id` (`user_id`),
                            KEY `booking_id` (`booking_id`),
                            CONSTRAINT `feedback_ibfk_1` FOREIGN KEY (`user_id`) REFERENCES `user` (`user_id`),
                            CONSTRAINT `feedback_ibfk_2` FOREIGN KEY (`booking_id`) REFERENCES `booking` (`booking_id`)
);

CREATE TABLE `equipment` (
                             `equipment_id` int NOT NULL AUTO_INCREMENT,
                             `room_id` int DEFAULT NULL,
                             `name` varchar(100) DEFAULT NULL,
                             `quantity` int DEFAULT NULL,
                             `equip_condition` enum('Good','Fair','Poor') DEFAULT NULL,
                             `created_at` timestamp NULL DEFAULT CURRENT_TIMESTAMP,
                             PRIMARY KEY (`equipment_id`),
                             KEY `room_id` (`room_id`),
                             CONSTRAINT `equipment_ibfk_1` FOREIGN KEY (`room_id`) REFERENCES `room` (`room_id`)
);

CREATE TABLE `complaint` (
                             `complaint_id` int NOT NULL AUTO_INCREMENT,
                             `user_id` int DEFAULT NULL,
                             `title` varchar(255) CHARACTER SET utf8mb3 COLLATE utf8mb3_general_ci DEFAULT NULL,
                             `description` text,
                             `reply` varchar(255) CHARACTER SET utf8mb3 COLLATE utf8mb3_general_ci DEFAULT NULL,
                             `status` enum('WAITING','INPROGRESS','DONE','REJECT') DEFAULT NULL,
                             `created_at` timestamp NULL DEFAULT CURRENT_TIMESTAMP,
                             `updated_at` timestamp NULL DEFAULT CURRENT_TIMESTAMP ON UPDATE CURRENT_TIMESTAMP,
                             PRIMARY KEY (`complaint_id`),
                             KEY `user_id` (`user_id`),
                             CONSTRAINT `complaint_ibfk_1` FOREIGN KEY (`user_id`) REFERENCES `user` (`user_id`)
);


CREATE TABLE `comment` (
                           `comment_id` int NOT NULL AUTO_INCREMENT,
                           `name` varchar(255) CHARACTER SET utf8mb3 COLLATE utf8mb3_general_ci DEFAULT NULL,
                           `email` varchar(255) NOT NULL,
                           `message` text NOT NULL,
                           `created_at` timestamp NULL DEFAULT CURRENT_TIMESTAMP,
                           `updated_at` timestamp NULL DEFAULT CURRENT_TIMESTAMP ON UPDATE CURRENT_TIMESTAMP,
                           PRIMARY KEY (`comment_id`)
);



-- Insert
INSERT INTO `user` VALUES (1,'Le Thanh Dat','$2a$10$V0MGFDTIpnLV9gxoI4dKkO.Z/PyIVkhPefJS8Ce2pyh45iz89A9IO','ADMIN','Male','2024-06-07','0964345520','Muc Uyen 1- Tan Xa','datleidol@gmail.com','12345','http://res.cloudinary.com/djuwlqgvb/image/upload/v1718262064/iq99slwe3frrqfkc45ze.jpg','http://res.cloudinary.com/djuwlqgvb/image/upload/v1718262067/paeg06ur141rbfgvw2ti.jpg','http://res.cloudinary.com/djuwlqgvb/image/upload/v1718262071/iah7mbqvdnpcaah8km8k.jpg',1,1,'2024-06-13 07:01:12','2024-06-28 01:54:16'),(3,'Nguyen Van A','$2a$10$abcdef1234567890abcdef1234567890abcdef1234567890abcdef12','USER','Male','1990-01-01','0912345678','123 Nguyen Trai, Hanoi','nguyenvana@gmail.com','67890','http://example.com/avatar1.jpg','http://example.com/front_cccd1.jpg','http://example.com/back_cccd1.jpg',1,0,'2024-06-13 07:01:12','2024-06-13 07:17:14'),(4,'Tran Thi B','$2a$10$abcdef1234567890abcdef1234567890abcdef1234567890abcdef12','EMPLOYEE','Female','1992-02-02','0923456789','456 Le Loi, HCMC','tranthib@gmail.com','12346','http://example.com/avatar2.jpg','http://example.com/front_cccd2.jpg','http://example.com/back_cccd2.jpg',1,0,'2024-06-13 07:01:12','2024-06-13 07:17:14'),(5,'Hoang Van C','$2a$10$abcdef1234567890abcdef1234567890abcdef1234567890abcdef12','USER','Male','1988-03-03','0934567890','789 Ly Thuong Kiet, Hanoi','hoangvanc@gmail.com','98765','http://example.com/avatar3.jpg','http://example.com/front_cccd3.jpg','http://example.com/back_cccd3.jpg',1,0,'2024-06-13 07:01:12','2024-06-13 07:17:14'),(6,'Pham Thi D','$2a$10$abcdef1234567890abcdef1234567890abcdef1234567890abcdef12','EMPLOYEE','Female','1994-04-04','0945678901','321 Tran Phu, Da Nang','phamthid@gmail.com','54321','http://example.com/avatar4.jpg','http://example.com/front_cccd4.jpg','http://example.com/back_cccd4.jpg',1,0,'2024-06-13 07:01:12','2024-06-13 07:17:14'),(7,'Vu Van E','$2a$10$abcdef1234567890abcdef1234567890abcdef1234567890abcdef12','USER','Male','1987-05-05','0956789012','654 Hoang Hoa Tham, HCMC','vuvane@gmail.com','65432','http://example.com/avatar5.jpg','http://example.com/front_cccd5.jpg','http://example.com/back_cccd5.jpg',1,0,'2024-06-13 07:01:12','2024-06-13 07:17:14'),(8,'Nguyen Thi F','$2a$10$abcdef1234567890abcdef1234567890abcdef1234567890abcdef12','EMPLOYEE','Female','1995-06-06','0967890123','987 Pham Van Dong, Hanoi','nguyenthif@gmail.com','76543','http://example.com/avatar6.jpg','http://example.com/front_cccd6.jpg','http://example.com/back_cccd6.jpg',1,0,'2024-06-13 07:01:12','2024-06-13 07:17:14'),(9,'Le Van G','$2a$10$abcdef1234567890abcdef1234567890abcdef1234567890abcdef12','USER','Male','1996-07-07','0978901234','123 Bach Dang, Da Nang','levang@gmail.com','87654','http://example.com/avatar7.jpg','http://example.com/front_cccd7.jpg','http://example.com/back_cccd7.jpg',1,0,'2024-06-13 07:01:12','2024-06-13 07:17:14'),(10,'Tran Van H','$2a$10$abcdef1234567890abcdef1234567890abcdef1234567890abcdef12','ADMIN','Male','1986-08-08','0989012345','456 Tran Hung Dao, HCMC','tranvanh@gmail.com','98765','http://example.com/avatar8.jpg','http://example.com/front_cccd8.jpg','http://example.com/back_cccd8.jpg',1,0,'2024-06-13 07:01:12','2024-06-13 07:17:14'),(11,'Do Thi I','$2a$10$abcdef1234567890abcdef1234567890abcdef1234567890abcdef12','EMPLOYEE','Female','1997-09-09','0990123456','789 Le Duan, Hanoi','dothii@gmail.com','87654','http://example.com/avatar9.jpg','http://example.com/front_cccd9.jpg','http://example.com/back_cccd9.jpg',1,0,'2024-06-13 07:01:12','2024-06-13 07:17:14'),(12,'Pham Van J','$2a$10$abcdef1234567890abcdef1234567890abcdef1234567890abcdef12','USER','Male','1998-10-10','0901234567','123 Tran Quoc Toan, Da Nang','phamvanj@gmail.com','54321','http://example.com/avatar10.jpg','http://example.com/front_cccd10.jpg','http://example.com/back_cccd10.jpg',1,0,'2024-06-13 07:01:12','2024-06-13 07:17:14'),(13,'Nguyen Van K','$2a$10$abcdef1234567890abcdef1234567890abcdef1234567890abcdef12','EMPLOYEE','Male','1989-11-11','0912345678','456 Hai Ba Trung, HCMC','nguyenvank@gmail.com','12346','http://example.com/avatar11.jpg','http://example.com/front_cccd11.jpg','http://example.com/back_cccd11.jpg',1,0,'2024-06-13 07:01:12','2024-06-13 07:17:14'),(14,'Tran Thi L','$2a$10$abcdef1234567890abcdef1234567890abcdef1234567890abcdef12','USER','Female','1991-12-12','0923456789','789 Nguyen Hue, Hanoi','tranthil@gmail.com','98765','http://example.com/avatar12.jpg','http://example.com/front_cccd12.jpg','http://example.com/back_cccd12.jpg',1,0,'2024-06-13 07:01:12','2024-06-13 07:17:14'),(15,'Hoang Van M','$2a$10$abcdef1234567890abcdef1234567890abcdef1234567890abcdef12','EMPLOYEE','Male','1992-01-01','0934567890','123 Ly Thai To, Da Nang','hoangvanm@gmail.com','54321','http://example.com/avatar13.jpg','http://example.com/front_cccd13.jpg','http://example.com/back_cccd13.jpg',1,0,'2024-06-13 07:01:12','2024-06-13 07:17:14'),(16,'Pham Thi N','$2a$10$abcdef1234567890abcdef1234567890abcdef1234567890abcdef12','USER','Female','1993-02-02','0945678901','456 Nguyen Van Linh, HCMC','phamthin@gmail.com','65432','http://example.com/avatar14.jpg','http://example.com/front_cccd14.jpg','http://example.com/back_cccd14.jpg',1,0,'2024-06-13 07:01:12','2024-06-13 07:17:14'),(17,'Nguyen Van O','$2a$10$abcdef1234567890abcdef1234567890abcdef1234567890abcdef12','EMPLOYEE','Male','1994-03-03','0956789012','789 Le Loi, Hanoi','nguyenvano@gmail.com','76543','http://example.com/avatar15.jpg','http://example.com/front_cccd15.jpg','http://example.com/back_cccd15.jpg',1,0,'2024-06-13 07:01:12','2024-06-13 07:17:14'),(18,'Le Thi P','$2a$10$abcdef1234567890abcdef1234567890abcdef1234567890abcdef12','USER','Female','1995-04-04','0967890123','123 Bach Dang, Da Nang','lethip@gmail.com','87654','http://example.com/avatar16.jpg','http://example.com/front_cccd16.jpg','http://example.com/back_cccd16.jpg',1,0,'2024-06-13 07:01:12','2024-06-13 07:17:14'),(19,'Tran Van Q','$2a$10$abcdef1234567890abcdef1234567890abcdef1234567890abcdef12','ADMIN','Male','1996-05-05','0978901234','456 Nguyen Trai, HCMC','tranvanq@gmail.com','98765','http://example.com/avatar17.jpg','http://example.com/front_cccd17.jpg','http://example.com/back_cccd17.jpg',1,0,'2024-06-13 07:01:12','2024-06-13 07:17:14'),(20,'Hoang Thi R','$2a$10$abcdef1234567890abcdef1234567890abcdef1234567890abcdef12','EMPLOYEE','Female','1997-06-06','0989012345','789 Pham Van Dong, Hanoi','hoangthir@gmail.com','54321','http://example.com/avatar18.jpg','http://example.com/front_cccd18.jpg','http://example.com/back_cccd18.jpg',1,0,'2024-06-13 07:01:12','2024-06-13 07:17:14'),(21,'Nguyen Van S','$2a$10$abcdef1234567890abcdef1234567890abcdef1234567890abcdef12','USER','Male','1987-07-07','0990123456','123 Le Duan, Da Nang','nguyenvans@gmail.com','87654','http://example.com/avatar19.jpg','http://example.com/front_cccd19.jpg','http://example.com/back_cccd19.jpg',1,0,'2024-06-13 07:01:12','2024-06-13 07:17:14'),(22,'Pham Thi T','$2a$10$abcdef1234567890abcdef1234567890abcdef1234567890abcdef12','EMPLOYEE','Female','1988-08-08','0901234567','456 Tran Hung Dao, HCMC','phamthit@gmail.com','65432','http://example.com/avatar20.jpg','http://example.com/front_cccd20.jpg','http://example.com/back_cccd20.jpg',1,0,'2024-06-13 07:01:12','2024-06-13 07:17:14'),(23,'Le Van U','$2a$10$abcdef1234567890abcdef1234567890abcdef1234567890abcdef12','USER','Male','1989-09-09','0912345678','789 Hai Ba Trung, Hanoi','levanu@gmail.com','76543','http://example.com/avatar21.jpg','http://example.com/front_cccd21.jpg','http://example.com/back_cccd21.jpg',1,0,'2024-06-13 07:01:12','2024-06-13 07:17:14'),(24,'Tran Thi V','$2a$10$abcdef1234567890abcdef1234567890abcdef1234567890abcdef12','EMPLOYEE','Female','1990-10-10','0923456789','123 Tran Quoc Toan, Da Nang','tranthiv@gmail.com','87654','http://example.com/avatar22.jpg','http://example.com/front_cccd22.jpg','http://example.com/back_cccd22.jpg',1,0,'2024-06-13 07:01:12','2024-06-13 07:17:14'),(25,'Hoang Van W','$2a$10$abcdef1234567890abcdef1234567890abcdef1234567890abcdef12','USER','Male','1991-11-11','0934567890','456 Ly Thai To, HCMC','hoangvanw@gmail.com','54321','http://example.com/avatar23.jpg','http://example.com/front_cccd23.jpg','http://example.com/back_cccd23.jpg',1,0,'2024-06-13 07:01:12','2024-06-13 07:17:14'),(26,'Nguyen Thi X','$2a$10$abcdef1234567890abcdef1234567890abcdef1234567890abcdef12','EMPLOYEE','Female','1992-12-12','0945678901','789 Nguyen Van Linh, Hanoi','nguyenthix@gmail.com','65432','http://example.com/avatar24.jpg','http://example.com/front_cccd24.jpg','http://example.com/back_cccd24.jpg',1,0,'2024-06-13 07:01:12','2024-06-13 07:17:14'),(27,'Pham Van Y','$2a$10$abcdef1234567890abcdef1234567890abcdef1234567890abcdef12','USER','Male','1983-01-01','0956789012','123 Le Loi, Da Nang','phamvany@gmail.com','76543','http://example.com/avatar25.jpg','http://example.com/front_cccd25.jpg','http://example.com/back_cccd25.jpg',1,0,'2024-06-13 07:01:12','2024-06-13 07:17:14'),(28,'Le Thi Z','$2a$10$abcdef1234567890abcdef1234567890abcdef1234567890abcdef12','EMPLOYEE','Female','1984-02-02','0967890123','456 Bach Dang, HCMC','lethiz@gmail.com','87654','http://example.com/avatar26.jpg','http://example.com/front_cccd26.jpg','http://example.com/back_cccd26.jpg',1,0,'2024-06-13 07:01:12','2024-06-13 07:17:14'),(29,'Nguyen Van AA','$2a$10$abcdef1234567890abcdef1234567890abcdef1234567890abcdef12','USER','Male','1985-03-03','0978901234','789 Tran Hung Dao, Hanoi','nguyenvanaa@gmail.com','98765','http://example.com/avatar27.jpg','http://example.com/front_cccd27.jpg','http://example.com/back_cccd27.jpg',1,0,'2024-06-13 07:01:12','2024-06-13 07:17:14'),(30,'Tran Thi BB','$2a$10$abcdef1234567890abcdef1234567890abcdef1234567890abcdef12','EMPLOYEE','Female','1986-04-04','0989012345','123 Pham Van Dong, Da Nang','tranthibb@gmail.com','54321','http://example.com/avatar28.jpg','http://example.com/front_cccd28.jpg','http://example.com/back_cccd28.jpg',1,0,'2024-06-13 07:01:12','2024-06-13 07:17:14'),(31,'Hoang Van CC','$2a$10$abcdef1234567890abcdef1234567890abcdef1234567890abcdef12','USER','Male','1987-05-05','0901234567','456 Nguyen Trai, HCMC','hoangvancc@gmail.com','65432','http://example.com/avatar29.jpg','http://example.com/front_cccd29.jpg','http://example.com/back_cccd29.jpg',1,0,'2024-06-13 07:01:12','2024-06-13 07:17:14'),(32,'Nguyen Thi DD','$2a$10$abcdef1234567890abcdef1234567890abcdef1234567890abcdef12','EMPLOYEE','Female','1988-06-06','0912345678','789 Tran Quoc Toan, Hanoi','nguyenthidd@gmail.com','76543','http://example.com/avatar30.jpg','http://example.com/front_cccd30.jpg','http://example.com/back_cccd30.jpg',1,0,'2024-06-13 07:01:12','2024-06-13 07:17:14'),(33,'Pham Van EE','$2a$10$abcdef1234567890abcdef1234567890abcdef1234567890abcdef12','USER','Male','1989-07-07','0923456789','123 Tran Phu, Da Nang','phamvanee@gmail.com','87654','http://example.com/avatar31.jpg','http://example.com/front_cccd31.jpg','http://example.com/back_cccd31.jpg',1,0,'2024-06-13 07:01:12','2024-06-13 07:17:14'),(34,'Le Thi FF','$2a$10$abcdef1234567890abcdef1234567890abcdef1234567890abcdef12','EMPLOYEE','Female','1990-08-08','0934567890','456 Tran Hung Dao, HCMC','lethiff@gmail.com','98765','http://example.com/avatar32.jpg','http://example.com/front_cccd32.jpg','http://example.com/back_cccd32.jpg',1,0,'2024-06-13 07:01:12','2024-06-13 07:17:14'),(35,'Nguyen Van GG','$2a$10$abcdef1234567890abcdef1234567890abcdef1234567890abcdef12','USER','Male','1991-09-09','0945678901','123 Ly Thai To, Da Nang','nguyenvangg@gmail.com','54321','http://example.com/avatar33.jpg','http://example.com/front_cccd33.jpg','http://example.com/back_cccd33.jpg',1,0,'2024-06-13 07:01:12','2024-06-13 07:17:14'),(36,'Tran Thi HH','$2a$10$abcdef1234567890abcdef1234567890abcdef1234567890abcdef12','EMPLOYEE','Female','1992-10-10','0956789012','456 Hai Ba Trung, Hanoi','tranthihh@gmail.com','65432','http://example.com/avatar34.jpg','http://example.com/front_cccd34.jpg','http://example.com/back_cccd34.jpg',1,0,'2024-06-13 07:01:12','2024-06-13 07:17:14'),(37,'Hoang Van II','$2a$10$abcdef1234567890abcdef1234567890abcdef1234567890abcdef12','USER','Male','1983-01-01','0967890123','789 Nguyen Van Linh, HCMC','hoangvanii@gmail.com','87654','http://example.com/avatar35.jpg','http://example.com/front_cccd35.jpg','http://example.com/back_cccd35.jpg',1,0,'2024-06-13 07:01:12','2024-06-13 07:17:14'),(38,'Nguyen Thi JJ','$2a$10$abcdef1234567890abcdef1234567890abcdef1234567890abcdef12','EMPLOYEE','Female','1984-02-02','0978901234','123 Bach Dang, Da Nang','nguyenthijj@gmail.com','98765','http://example.com/avatar36.jpg','http://example.com/front_cccd36.jpg','http://example.com/back_cccd36.jpg',1,0,'2024-06-13 07:01:12','2024-06-13 07:17:14'),(39,'Pham Van KK','$2a$10$abcdef1234567890abcdef1234567890abcdef1234567890abcdef12','USER','Male','1985-03-03','0989012345','456 Tran Phu, Hanoi','phamvankk@gmail.com','54321','http://example.com/avatar37.jpg','http://example.com/front_cccd37.jpg','http://example.com/back_cccd37.jpg',1,0,'2024-06-13 07:01:12','2024-06-13 07:17:14'),(40,'Le Thi LL','$2a$10$abcdef1234567890abcdef1234567890abcdef1234567890abcdef12','EMPLOYEE','Female','1986-04-04','0990123456','789 Pham Van Dong, HCMC','lethill@gmail.com','87654','http://example.com/avatar38.jpg','http://example.com/front_cccd38.jpg','http://example.com/back_cccd38.jpg',1,0,'2024-06-13 07:01:12','2024-06-13 07:17:14'),(41,'Nguyen Van MM','$2a$10$abcdef1234567890abcdef1234567890abcdef1234567890abcdef12','USER','Male','1987-05-05','0901234567','123 Nguyen Trai, Da Nang','nguyenvanmm@gmail.com','76543','http://example.com/avatar39.jpg','http://example.com/front_cccd39.jpg','http://example.com/back_cccd39.jpg',1,0,'2024-06-13 07:01:12','2024-06-13 07:17:14'),(42,'Tran Thi NN','$2a$10$abcdef1234567890abcdef1234567890abcdef1234567890abcdef12','EMPLOYEE','Female','1988-06-06','0912345678','456 Le Loi, Hanoi','tranthinn@gmail.com','65432','http://example.com/avatar40.jpg','http://example.com/front_cccd40.jpg','http://example.com/back_cccd40.jpg',1,0,'2024-06-13 07:01:12','2024-06-13 07:17:14'),(43,'Hoang Van OO','$2a$10$abcdef1234567890abcdef1234567890abcdef1234567890abcdef12','USER','Male','1989-07-07','0923456789','789 Le Duan, HCMC','hoangvanoo@gmail.com','54321','http://example.com/avatar41.jpg','http://example.com/front_cccd41.jpg','http://example.com/back_cccd41.jpg',1,0,'2024-06-13 07:01:12','2024-06-13 07:17:14'),(44,'Nguyen Thi PP','$2a$10$abcdef1234567890abcdef1234567890abcdef1234567890abcdef12','EMPLOYEE','Female','1990-08-08','0934567890','123 Bach Dang, Da Nang','nguyenthipp@gmail.com','65432','http://example.com/avatar42.jpg','http://example.com/front_cccd42.jpg','http://example.com/back_cccd42.jpg',1,0,'2024-06-13 07:01:12','2024-06-13 07:17:14'),(45,'Pham Van QQ','$2a$10$abcdef1234567890abcdef1234567890abcdef1234567890abcdef12','USER','Male','1991-09-09','0945678901','456 Ly Thai To, HCMC','phamvanqq@gmail.com','87654','http://example.com/avatar43.jpg','http://example.com/front_cccd43.jpg','http://example.com/back_cccd43.jpg',1,0,'2024-06-13 07:01:12','2024-06-13 07:17:14'),(46,'Le Thi RR','$2a$10$abcdef1234567890abcdef1234567890abcdef1234567890abcdef12','EMPLOYEE','Female','1992-10-10','0956789012','789 Nguyen Van Linh, Hanoi','lethirr@gmail.com','98765','http://example.com/avatar44.jpg','http://example.com/front_cccd44.jpg','http://example.com/back_cccd44.jpg',1,0,'2024-06-13 07:01:12','2024-06-13 07:17:14'),(47,'Nguyen Van SS','$2a$10$abcdef1234567890abcdef1234567890abcdef1234567890abcdef12','USER','Male','1983-01-01','0967890123','456 Nguyen Trai, Da Nang','nguyenvanss@gmail.com','76543','http://example.com/avatar45.jpg','http://example.com/front_cccd45.jpg','http://example.com/back_cccd45.jpg',1,0,'2024-06-13 07:01:12','2024-06-13 07:17:14'),(48,'Tran Thi TT','$2a$10$abcdef1234567890abcdef1234567890abcdef1234567890abcdef12','EMPLOYEE','Female','1984-02-02','0978901234','789 Hai Ba Trung, HCMC','tranthitt@gmail.com','54321','http://example.com/avatar46.jpg','http://example.com/front_cccd46.jpg','http://example.com/back_cccd46.jpg',1,0,'2024-06-13 07:01:12','2024-06-13 07:17:14'),(49,'Hoang Van UU','$2a$10$abcdef1234567890abcdef1234567890abcdef1234567890abcdef12','USER','Male','1985-03-03','0989012345','123 Tran Quoc Toan, Da Nang','hoangvanuu@gmail.com','87654','http://example.com/avatar47.jpg','http://example.com/front_cccd47.jpg','http://example.com/back_cccd47.jpg',1,0,'2024-06-13 07:01:12','2024-06-13 07:17:14'),(50,'Nguyen Thi VV','$2a$10$abcdef1234567890abcdef1234567890abcdef1234567890abcdef12','EMPLOYEE','Female','1986-04-04','0901234567','456 Nguyen Van Linh, HCMC','nguyenthivv@gmail.com','65432','http://example.com/avatar48.jpg','http://example.com/front_cccd48.jpg','http://example.com/back_cccd48.jpg',1,0,'2024-06-13 07:01:12','2024-06-13 07:17:14'),(51,'Pham Van WW','$2a$10$abcdef1234567890abcdef1234567890abcdef1234567890abcdef12','USER','Male','1987-05-05','0912345678','789 Le Loi, Da Nang','phamvanww@gmail.com','76543','http://example.com/avatar49.jpg','http://example.com/front_cccd49.jpg','http://example.com/back_cccd49.jpg',1,0,'2024-06-13 07:01:12','2024-06-13 07:17:14'),(52,'Le Thi XX','$2a$10$abcdef1234567890abcdef1234567890abcdef1234567890abcdef12','EMPLOYEE','Female','1988-06-06','0923456789','123 Nguyen Van Linh, Da Nang','lethixx@gmail.com','87654','http://example.com/avatar50.jpg','http://example.com/front_cccd50.jpg','http://example.com/back_cccd50.jpg',1,0,'2024-06-13 07:01:12','2024-06-13 07:17:14'),(53,'Le Thanh Dat (K17 HL)',NULL,'USER','Male','2024-06-14','0964345520','mucuyen','datlthe176015@fpt.edu.vn','12345','http://res.cloudinary.com/djuwlqgvb/image/upload/v1718266970/vpox0jeubduleruycrxz.jpg','http://res.cloudinary.com/djuwlqgvb/image/upload/v1718266973/rjmht8e6twr6lf6mmhsp.jpg','http://res.cloudinary.com/djuwlqgvb/image/upload/v1718266975/i6anljckbwudtwmw9sez.jpg',0,1,'2024-06-13 08:21:20','2024-06-26 09:58:43'),(54,'Le Thanh Dat','$2a$10$IfjQgS5bG10R5zPlzH5uGetiTzKt.mo7Si71I3CGFkpd.sZdoYegi','USER','Male','2024-06-26','0964345520','Muc Uyen 1- Tan Xa','thanhdat24k3@gmail.com','4501345268','http://res.cloudinary.com/djuwlqgvb/image/upload/v1719396012/axydqfm1oeegyq1btd9v.jpg','http://res.cloudinary.com/djuwlqgvb/image/upload/v1719396014/joteukbkfjuej1ogatkd.jpg','http://res.cloudinary.com/djuwlqgvb/image/upload/v1719396018/m1dgalsusamofl5zv6sh.jpg',0,1,'2024-06-26 10:00:19','2024-06-26 13:40:28');
INSERT INTO `new` VALUES (1,'Title 1','Content of the news 1.','http://example.com/image1.jpg','2024-06-13 07:01:12','2024-06-13 07:17:14'),(2,'Title 2','Content of the news 2.','http://example.com/image2.jpg','2024-06-13 07:01:12','2024-06-13 07:17:14'),(3,'Title 3','Content of the news 3.','http://example.com/image3.jpg','2024-06-13 07:01:12','2024-06-13 07:17:14'),(4,'Title 4','Content of the news 4.','http://example.com/image4.jpg','2024-06-13 07:01:12','2024-06-13 07:17:14'),(5,'Title 5','Content of the news 5.','http://example.com/image5.jpg','2024-06-13 07:01:12','2024-06-13 07:17:14'),(6,'Title 6','Content of the news 6.','http://example.com/image6.jpg','2024-06-13 07:01:12','2024-06-13 07:17:14'),(7,'Title 7','Content of the news 7.','http://example.com/image7.jpg','2024-06-13 07:01:12','2024-06-13 07:17:14'),(8,'Title 8','Content of the news 8.','http://example.com/image8.jpg','2024-06-13 07:01:12','2024-06-13 07:17:14'),(9,'Title 9','Content of the news 9.','http://example.com/image9.jpg','2024-06-13 07:01:12','2024-06-13 07:17:14'),(10,'Title 10','Content of the news 10.','http://example.com/image10.jpg','2024-06-13 07:01:12','2024-06-13 07:17:14'),(11,'Title 11','Content of the news 11.','http://example.com/image11.jpg','2024-06-13 07:01:12','2024-06-13 07:17:14'),(12,'Title 12','Content of the news 12.','http://example.com/image12.jpg','2024-06-13 07:01:12','2024-06-13 07:17:14'),(13,'Title 13','Content of the news 13.','http://example.com/image13.jpg','2024-06-13 07:01:12','2024-06-13 07:17:14'),(14,'Title 14','Content of the news 14.','http://example.com/image14.jpg','2024-06-13 07:01:12','2024-06-13 07:17:14'),(15,'Title 15','Content of the news 15.','http://example.com/image15.jpg','2024-06-13 07:01:12','2024-06-13 07:17:14'),(16,'Title 16','Content of the news 16.','http://example.com/image16.jpg','2024-06-13 07:01:12','2024-06-13 07:17:14'),(17,'Title 17','Content of the news 17.','http://example.com/image17.jpg','2024-06-13 07:01:12','2024-06-13 07:17:14'),(18,'Title 18','Content of the news 18.','http://example.com/image18.jpg','2024-06-13 07:01:12','2024-06-13 07:17:14'),(19,'Title 19','Content of the news 19.','http://example.com/image19.jpg','2024-06-13 07:01:12','2024-06-13 07:17:14'),(20,'Title 20','Content of the news 20.','http://example.com/image20.jpg','2024-06-13 07:01:12','2024-06-13 07:17:14'),(21,'Title 21','Content of the news 21.','http://example.com/image21.jpg','2024-06-13 07:01:12','2024-06-13 07:17:14'),(22,'Title 22','Content of the news 22.','http://example.com/image22.jpg','2024-06-13 07:01:12','2024-06-13 07:17:14'),(23,'Title 23','Content of the news 23.','http://example.com/image23.jpg','2024-06-13 07:01:12','2024-06-13 07:17:14'),(24,'Title 24','Content of the news 24.','http://example.com/image24.jpg','2024-06-13 07:01:12','2024-06-13 07:17:14'),(25,'Title 25','Content of the news 25.','http://example.com/image25.jpg','2024-06-13 07:01:12','2024-06-13 07:17:14'),(26,'Title 26','Content of the news 26.','http://example.com/image26.jpg','2024-06-13 07:01:12','2024-06-13 07:17:14'),(27,'Title 27','Content of the news 27.','http://example.com/image27.jpg','2024-06-13 07:01:12','2024-06-13 07:17:14'),(28,'Title 28','Content of the news 28.','http://example.com/image28.jpg','2024-06-13 07:01:12','2024-06-13 07:17:14'),(29,'Title 29','Content of the news 29.','http://example.com/image29.jpg','2024-06-13 07:01:12','2024-06-13 07:17:14'),(30,'Title 30','Content of the news 30.','http://example.com/image30.jpg','2024-06-13 07:01:12','2024-06-13 07:17:14'),(31,'Title 31','Content of the news 31.','http://example.com/image31.jpg','2024-06-13 07:01:12','2024-06-13 07:17:14'),(32,'Title 32','Content of the news 32.','http://example.com/image32.jpg','2024-06-13 07:01:12','2024-06-13 07:17:14'),(33,'Title 33','Content of the news 33.','http://example.com/image33.jpg','2024-06-13 07:01:12','2024-06-13 07:17:14'),(34,'Title 34','Content of the news 34.','http://example.com/image34.jpg','2024-06-13 07:01:12','2024-06-13 07:17:14'),(35,'Title 35','Content of the news 35.','http://example.com/image35.jpg','2024-06-13 07:01:12','2024-06-13 07:17:14'),(36,'Title 36','Content of the news 36.','http://example.com/image36.jpg','2024-06-13 07:01:12','2024-06-13 07:17:14'),(37,'Title 37','Content of the news 37.','http://example.com/image37.jpg','2024-06-13 07:01:12','2024-06-13 07:17:14'),(38,'Title 38','Content of the news 38.','http://example.com/image38.jpg','2024-06-13 07:01:12','2024-06-13 07:17:14'),(39,'Title 39','Content of the news 39.','http://example.com/image39.jpg','2024-06-13 07:01:12','2024-06-13 07:17:14'),(40,'Title 40','Content of the news 40.','http://example.com/image40.jpg','2024-06-13 07:01:12','2024-06-13 07:17:14'),(41,'Title 41','Content of the news 41.','http://example.com/image41.jpg','2024-06-13 07:01:12','2024-06-13 07:17:14'),(42,'Title 42','Content of the news 42.','http://example.com/image42.jpg','2024-06-13 07:01:12','2024-06-13 07:17:14'),(43,'Title 43','Content of the news 43.','http://example.com/image43.jpg','2024-06-13 07:01:12','2024-06-13 07:17:14'),(44,'Title 44','Content of the news 44.','http://example.com/image44.jpg','2024-06-13 07:01:12','2024-06-13 07:17:14'),(45,'Title 45','Content of the news 45.','http://example.com/image45.jpg','2024-06-13 07:01:12','2024-06-13 07:17:14'),(46,'Title 46','Content of the news 46.','http://example.com/image46.jpg','2024-06-13 07:01:12','2024-06-13 07:17:14'),(47,'Title 47','Content of the news 47.','http://example.com/image47.jpg','2024-06-13 07:01:12','2024-06-13 07:17:14'),(48,'Title 48','Content of the news 48.','http://example.com/image48.jpg','2024-06-13 07:01:12','2024-06-13 07:17:14'),(49,'Title 49','Content of the news 49.','http://example.com/image49.jpg','2024-06-13 07:01:12','2024-06-13 07:17:14'),(51,'HELO','dsxb \r\ndsgvsd\r\ndsgbdsv',NULL,'2024-06-13 08:32:23','2024-06-13 08:32:23'),(53,'heeelooo','his','http://res.cloudinary.com/djuwlqgvb/image/upload/v1718697158/lt5mwiq1qjatf4yza3ln.jpg','2024-06-15 15:07:06','2024-06-18 07:52:38'),(54,'hihi','dsavfds','http://res.cloudinary.com/djuwlqgvb/image/upload/v1718464070/u5v3w3vi8oxxcpc8j0tq.jpg','2024-06-15 15:07:50','2024-06-15 15:07:50'),(55,'ghgjhgkjk','gsfdhggf','http://res.cloudinary.com/djuwlqgvb/image/upload/v1718697218/jtcyz51pimnhqak9sjhq.jpg','2024-06-18 07:53:38','2024-06-18 07:53:38');
INSERT INTO `dorm` VALUES (11,'A','Male','2024-06-14 09:25:24','2024-06-14 09:25:24'),(12,'B','Female','2024-06-14 09:25:24','2024-06-14 09:25:24'),(13,'C','Other','2024-06-14 09:25:24','2024-06-14 09:25:24'),(14,'D','Male','2024-06-14 09:25:24','2024-06-14 09:25:24'),(15,'E','Female','2024-06-14 09:25:24','2024-06-14 09:25:24');
INSERT INTO `floors` VALUES (41,11,1,'2024-06-14 09:27:01','2024-06-14 09:27:01'),(42,11,2,'2024-06-14 09:27:01','2024-06-14 09:27:01'),(43,11,3,'2024-06-14 09:27:01','2024-06-14 09:27:01'),(44,12,1,'2024-06-14 09:27:01','2024-06-14 09:27:01'),(45,12,2,'2024-06-14 09:27:01','2024-06-14 09:27:01'),(46,12,3,'2024-06-14 09:27:01','2024-06-14 09:27:01'),(47,13,1,'2024-06-14 09:27:01','2024-06-14 09:27:01'),(48,13,2,'2024-06-14 09:27:01','2024-06-14 09:27:01'),(49,13,3,'2024-06-14 09:27:01','2024-06-14 09:27:01'),(50,14,1,'2024-06-14 09:27:01','2024-06-14 09:27:01'),(51,14,2,'2024-06-14 09:27:01','2024-06-14 09:27:01'),(52,14,3,'2024-06-14 09:27:01','2024-06-14 09:27:01'),(53,15,1,'2024-06-14 09:27:01','2024-06-14 09:27:01'),(54,15,2,'2024-06-14 09:27:01','2024-06-14 09:27:01'),(55,15,3,'2024-06-14 09:27:01','2024-06-14 09:27:01');
INSERT INTO `room` VALUES (11,41,'A101',4,1200000,'2024-06-14 09:41:13','2024-06-14 09:41:13',NULL,NULL),(12,41,'A102',6,1000000,'2024-06-14 09:41:13','2024-06-14 09:41:13',NULL,NULL),(13,41,'A103',4,1200000,'2024-06-14 09:41:13','2024-06-14 09:41:13',NULL,NULL),(14,41,'A104',6,1000000,'2024-06-14 09:41:13','2024-06-14 09:41:13',NULL,NULL),(15,41,'A105',4,1200000,'2024-06-14 09:41:13','2024-06-14 09:41:13',NULL,NULL),(16,41,'A106',6,1000000,'2024-06-14 09:41:13','2024-06-14 09:41:13',NULL,NULL),(17,41,'A107',4,1200000,'2024-06-14 09:41:13','2024-06-14 09:41:13',NULL,NULL),(18,41,'A108',6,1000000,'2024-06-14 09:41:13','2024-06-14 09:41:13',NULL,NULL),(19,41,'A109',4,1200000,'2024-06-14 09:41:13','2024-06-14 09:41:13',NULL,NULL),(20,41,'A110',6,1000000,'2024-06-14 09:41:13','2024-06-14 09:41:13',NULL,NULL),(21,42,'A201',4,1200000,'2024-06-14 09:41:13','2024-06-14 09:41:13',NULL,NULL),(22,42,'A202',6,1000000,'2024-06-14 09:41:13','2024-06-14 09:41:13',NULL,NULL),(23,42,'A203',4,1200000,'2024-06-14 09:41:13','2024-06-14 09:41:13',NULL,NULL),(24,42,'A204',6,1000000,'2024-06-14 09:41:13','2024-06-14 09:41:13',NULL,NULL),(25,42,'A205',4,1200000,'2024-06-14 09:41:13','2024-06-14 09:41:13',NULL,NULL),(26,42,'A206',6,1000000,'2024-06-14 09:41:13','2024-06-14 09:41:13',NULL,NULL),(27,42,'A207',4,1200000,'2024-06-14 09:41:13','2024-06-14 09:41:13',NULL,NULL),(28,42,'A208',6,1000000,'2024-06-14 09:41:13','2024-06-14 09:41:13',NULL,NULL),(29,42,'A209',4,1200000,'2024-06-14 09:41:13','2024-06-14 09:41:13',NULL,NULL),(30,42,'A210',6,1000000,'2024-06-14 09:41:13','2024-06-14 09:41:13',NULL,NULL),(31,43,'A301',4,1200000,'2024-06-14 09:41:13','2024-06-14 09:41:13',NULL,NULL),(32,43,'A302',6,1000000,'2024-06-14 09:41:13','2024-06-14 09:41:13',NULL,NULL),(33,43,'A303',4,1200000,'2024-06-14 09:41:13','2024-06-14 09:41:13',NULL,NULL),(34,43,'A304',6,1000000,'2024-06-14 09:41:13','2024-06-14 09:41:13',NULL,NULL),(35,43,'A305',4,1200000,'2024-06-14 09:41:13','2024-06-14 09:41:13',NULL,NULL),(36,43,'A306',6,1000000,'2024-06-14 09:41:13','2024-06-14 09:41:13',NULL,NULL),(37,43,'A307',4,1200000,'2024-06-14 09:41:13','2024-06-14 09:41:13',NULL,NULL),(38,43,'A308',6,1000000,'2024-06-14 09:41:13','2024-06-14 09:41:13',NULL,NULL),(39,43,'A309',4,1200000,'2024-06-14 09:41:13','2024-06-14 09:41:13',NULL,NULL),(40,43,'A310',6,1000000,'2024-06-14 09:41:13','2024-06-14 09:41:13',NULL,NULL),(41,44,'B101',4,1200000,'2024-06-14 09:41:13','2024-06-14 09:41:13',NULL,NULL),(42,44,'B102',6,1000000,'2024-06-14 09:41:13','2024-06-14 09:41:13',NULL,NULL),(43,44,'B103',4,1200000,'2024-06-14 09:41:13','2024-06-14 09:41:13',NULL,NULL),(44,44,'B104',6,1000000,'2024-06-14 09:41:13','2024-06-14 09:41:13',NULL,NULL),(45,44,'B105',4,1200000,'2024-06-14 09:41:13','2024-06-14 09:41:13',NULL,NULL),(46,44,'B106',6,1000000,'2024-06-14 09:41:13','2024-06-14 09:41:13',NULL,NULL),(47,44,'B107',4,1200000,'2024-06-14 09:41:13','2024-06-14 09:41:13',NULL,NULL),(48,44,'B108',6,1000000,'2024-06-14 09:41:13','2024-06-14 09:41:13',NULL,NULL),(49,44,'B109',4,1200000,'2024-06-14 09:41:13','2024-06-14 09:41:13',NULL,NULL),(50,44,'B110',6,1000000,'2024-06-14 09:41:13','2024-06-14 09:41:13',NULL,NULL),(51,45,'B201',4,1200000,'2024-06-14 09:41:13','2024-06-14 09:41:13',NULL,NULL),(52,45,'B202',6,1000000,'2024-06-14 09:41:13','2024-06-14 09:41:13',NULL,NULL),(53,45,'B203',4,1200000,'2024-06-14 09:41:13','2024-06-14 09:41:13',NULL,NULL),(54,45,'B204',6,1000000,'2024-06-14 09:41:13','2024-06-14 09:41:13',NULL,NULL),(55,45,'B205',4,1200000,'2024-06-14 09:41:13','2024-06-14 09:41:13',NULL,NULL),(56,45,'B206',6,1000000,'2024-06-14 09:41:13','2024-06-14 09:41:13',NULL,NULL),(57,45,'B207',4,1200000,'2024-06-14 09:41:13','2024-06-14 09:41:13',NULL,NULL),(58,45,'B208',6,1000000,'2024-06-14 09:41:13','2024-06-14 09:41:13',NULL,NULL),(59,45,'B209',4,1200000,'2024-06-14 09:41:13','2024-06-14 09:41:13',NULL,NULL),(60,45,'B210',6,1000000,'2024-06-14 09:41:13','2024-06-14 09:41:13',NULL,NULL),(61,46,'B301',4,1200000,'2024-06-14 09:41:13','2024-06-14 09:41:13',NULL,NULL),(62,46,'B302',6,1000000,'2024-06-14 09:41:13','2024-06-14 09:41:13',NULL,NULL),(63,46,'B303',4,1200000,'2024-06-14 09:41:13','2024-06-14 09:41:13',NULL,NULL),(64,46,'B304',6,1000000,'2024-06-14 09:41:13','2024-06-14 09:41:13',NULL,NULL),(65,46,'B305',4,1200000,'2024-06-14 09:41:13','2024-06-14 09:41:13',NULL,NULL),(66,46,'B306',6,1000000,'2024-06-14 09:41:13','2024-06-14 09:41:13',NULL,NULL),(67,46,'B307',4,1200000,'2024-06-14 09:41:13','2024-06-14 09:41:13',NULL,NULL),(68,46,'B308',6,1000000,'2024-06-14 09:41:13','2024-06-14 09:41:13',NULL,NULL),(69,46,'B309',4,1200000,'2024-06-14 09:41:13','2024-06-14 09:41:13',NULL,NULL),(70,46,'B310',6,1000000,'2024-06-14 09:41:13','2024-06-14 09:41:13',NULL,NULL),(71,47,'C101',4,1200000,'2024-06-14 09:41:13','2024-06-14 09:41:13',NULL,NULL),(72,47,'C102',6,1000000,'2024-06-14 09:41:13','2024-06-14 09:41:13',NULL,NULL),(73,47,'C103',4,1200000,'2024-06-14 09:41:13','2024-06-14 09:41:13',NULL,NULL),(74,47,'C104',6,1000000,'2024-06-14 09:41:13','2024-06-14 09:41:13',NULL,NULL),(75,47,'C105',4,1200000,'2024-06-14 09:41:13','2024-06-14 09:41:13',NULL,NULL),(76,47,'C106',6,1000000,'2024-06-14 09:41:13','2024-06-14 09:41:13',NULL,NULL),(77,47,'C107',4,1200000,'2024-06-14 09:41:13','2024-06-14 09:41:13',NULL,NULL),(78,47,'C108',6,1000000,'2024-06-14 09:41:13','2024-06-14 09:41:13',NULL,NULL),(79,47,'C109',4,1200000,'2024-06-14 09:41:13','2024-06-14 09:41:13',NULL,NULL),(80,47,'C110',6,1000000,'2024-06-14 09:41:13','2024-06-14 09:41:13',NULL,NULL),(81,48,'C201',4,1200000,'2024-06-14 09:41:13','2024-06-14 09:41:13',NULL,NULL),(82,48,'C202',6,1000000,'2024-06-14 09:41:13','2024-06-14 09:41:13',NULL,NULL),(83,48,'C203',4,1200000,'2024-06-14 09:41:13','2024-06-14 09:41:13',NULL,NULL),(84,48,'C204',6,1000000,'2024-06-14 09:41:13','2024-06-14 09:41:13',NULL,NULL),(85,48,'C205',4,1200000,'2024-06-14 09:41:13','2024-06-14 09:41:13',NULL,NULL),(86,48,'C206',6,1000000,'2024-06-14 09:41:13','2024-06-14 09:41:13',NULL,NULL),(87,48,'C207',4,1200000,'2024-06-14 09:41:13','2024-06-14 09:41:13',NULL,NULL),(88,48,'C208',6,1000000,'2024-06-14 09:41:13','2024-06-14 09:41:13',NULL,NULL),(89,48,'C209',4,1200000,'2024-06-14 09:41:13','2024-06-14 09:41:13',NULL,NULL),(90,48,'C210',6,1000000,'2024-06-14 09:41:13','2024-06-14 09:41:13',NULL,NULL),(91,49,'C301',4,1200000,'2024-06-14 09:41:13','2024-06-14 09:41:13',NULL,NULL),(92,49,'C302',6,1000000,'2024-06-14 09:41:13','2024-06-14 09:41:13',NULL,NULL),(93,49,'C303',4,1200000,'2024-06-14 09:41:13','2024-06-14 09:41:13',NULL,NULL),(94,49,'C304',6,1000000,'2024-06-14 09:41:13','2024-06-14 09:41:13',NULL,NULL),(95,49,'C305',4,1200000,'2024-06-14 09:41:13','2024-06-14 09:41:13',NULL,NULL),(96,49,'C306',6,1000000,'2024-06-14 09:41:13','2024-06-14 09:41:13',NULL,NULL),(97,49,'C307',4,1200000,'2024-06-14 09:41:13','2024-06-14 09:41:13',NULL,NULL),(98,49,'C308',6,1000000,'2024-06-14 09:41:13','2024-06-14 09:41:13',NULL,NULL),(99,49,'C309',4,1200000,'2024-06-14 09:41:13','2024-06-14 09:41:13',NULL,NULL),(100,49,'C310',6,1000000,'2024-06-14 09:41:13','2024-06-14 09:41:13',NULL,NULL),(101,50,'D101',4,1200000,'2024-06-14 09:41:13','2024-06-14 09:41:13',NULL,NULL),(102,50,'D102',6,1000000,'2024-06-14 09:41:13','2024-06-14 09:41:13',NULL,NULL),(103,50,'D103',4,1200000,'2024-06-14 09:41:13','2024-06-14 09:41:13',NULL,NULL),(104,50,'D104',6,1000000,'2024-06-14 09:41:13','2024-06-14 09:41:13',NULL,NULL),(105,50,'D105',4,1200000,'2024-06-14 09:41:13','2024-06-14 09:41:13',NULL,NULL),(106,50,'D106',6,1000000,'2024-06-14 09:41:13','2024-06-14 09:41:13',NULL,NULL),(107,50,'D107',4,1200000,'2024-06-14 09:41:13','2024-06-14 09:41:13',NULL,NULL),(108,50,'D108',6,1000000,'2024-06-14 09:41:13','2024-06-14 09:41:13',NULL,NULL),(109,50,'D109',4,1200000,'2024-06-14 09:41:13','2024-06-14 09:41:13',NULL,NULL),(110,50,'D110',6,1000000,'2024-06-14 09:41:13','2024-06-14 09:41:13',NULL,NULL),(111,51,'D201',4,1200000,'2024-06-14 09:41:13','2024-06-14 09:41:13',NULL,NULL),(112,51,'D202',6,1000000,'2024-06-14 09:41:13','2024-06-14 09:41:13',NULL,NULL),(113,51,'D203',4,1200000,'2024-06-14 09:41:13','2024-06-14 09:41:13',NULL,NULL),(114,51,'D204',6,1000000,'2024-06-14 09:41:13','2024-06-14 09:41:13',NULL,NULL),(115,51,'D205',4,1200000,'2024-06-14 09:41:13','2024-06-14 09:41:13',NULL,NULL),(116,51,'D206',6,1000000,'2024-06-14 09:41:13','2024-06-14 09:41:13',NULL,NULL),(117,51,'D207',4,1200000,'2024-06-14 09:41:13','2024-06-14 09:41:13',NULL,NULL),(118,51,'D208',6,1000000,'2024-06-14 09:41:13','2024-06-14 09:41:13',NULL,NULL),(119,51,'D209',4,1200000,'2024-06-14 09:41:13','2024-06-14 09:41:13',NULL,NULL),(120,51,'D210',6,1000000,'2024-06-14 09:41:13','2024-06-14 09:41:13',NULL,NULL),(121,52,'D301',4,1200000,'2024-06-14 09:41:13','2024-06-14 09:41:13',NULL,NULL),(122,52,'D302',6,1000000,'2024-06-14 09:41:13','2024-06-14 09:41:13',NULL,NULL),(123,52,'D303',4,1200000,'2024-06-14 09:41:13','2024-06-14 09:41:13',NULL,NULL),(124,52,'D304',6,1000000,'2024-06-14 09:41:13','2024-06-14 09:41:13',NULL,NULL),(125,52,'D305',4,1200000,'2024-06-14 09:41:13','2024-06-14 09:41:13',NULL,NULL),(126,52,'D306',6,1000000,'2024-06-14 09:41:13','2024-06-14 09:41:13',NULL,NULL),(127,52,'D307',4,1200000,'2024-06-14 09:41:13','2024-06-14 09:41:13',NULL,NULL),(128,52,'D308',6,1000000,'2024-06-14 09:41:13','2024-06-14 09:41:13',NULL,NULL),(129,52,'D309',4,1200000,'2024-06-14 09:41:13','2024-06-14 09:41:13',NULL,NULL),(130,52,'D310',6,1000000,'2024-06-14 09:41:13','2024-06-14 09:41:13',NULL,NULL),(131,53,'E101',4,1200000,'2024-06-14 09:41:13','2024-06-14 09:41:13',NULL,NULL),(132,53,'E102',6,1000000,'2024-06-14 09:41:13','2024-06-14 09:41:13',NULL,NULL),(133,53,'E103',4,1200000,'2024-06-14 09:41:13','2024-06-14 09:41:13',NULL,NULL),(134,53,'E104',6,1000000,'2024-06-14 09:41:13','2024-06-14 09:41:13',NULL,NULL),(135,53,'E105',4,1200000,'2024-06-14 09:41:13','2024-06-14 09:41:13',NULL,NULL),(136,53,'E106',6,1000000,'2024-06-14 09:41:13','2024-06-14 09:41:13',NULL,NULL),(137,53,'E107',4,1200000,'2024-06-14 09:41:13','2024-06-14 09:41:13',NULL,NULL),(138,53,'E108',6,1000000,'2024-06-14 09:41:13','2024-06-14 09:41:13',NULL,NULL),(139,53,'E109',4,1200000,'2024-06-14 09:41:13','2024-06-14 09:41:13',NULL,NULL),(140,53,'E110',6,1000000,'2024-06-14 09:41:13','2024-06-14 09:41:13',NULL,NULL),(141,54,'E201',4,1200000,'2024-06-14 09:41:13','2024-06-14 09:41:13',NULL,NULL),(142,54,'E202',6,1000000,'2024-06-14 09:41:13','2024-06-14 09:41:13',NULL,NULL),(143,54,'E203',4,1200000,'2024-06-14 09:41:13','2024-06-14 09:41:13',NULL,NULL),(144,54,'E204',6,1000000,'2024-06-14 09:41:13','2024-06-14 09:41:13',NULL,NULL),(145,54,'E205',4,1200000,'2024-06-14 09:41:13','2024-06-14 09:41:13',NULL,NULL),(146,54,'E206',6,1000000,'2024-06-14 09:41:13','2024-06-14 09:41:13',NULL,NULL),(147,54,'E207',4,1200000,'2024-06-14 09:41:13','2024-06-14 09:41:13',NULL,NULL),(148,54,'E208',6,1000000,'2024-06-14 09:41:13','2024-06-14 09:41:13',NULL,NULL),(149,54,'E209',4,1200000,'2024-06-14 09:41:13','2024-06-14 09:41:13',NULL,NULL),(150,54,'E210',6,1000000,'2024-06-14 09:41:13','2024-06-14 09:41:13',NULL,NULL),(151,55,'E301',4,1200000,'2024-06-14 09:41:13','2024-06-14 09:41:13',NULL,NULL),(152,55,'E302',6,1000000,'2024-06-14 09:41:13','2024-06-14 09:41:13',NULL,NULL),(153,55,'E303',4,1200000,'2024-06-14 09:41:13','2024-06-14 09:41:13',NULL,NULL),(154,55,'E304',6,1000000,'2024-06-14 09:41:13','2024-06-14 09:41:13',NULL,NULL),(155,55,'E305',4,1200000,'2024-06-14 09:41:13','2024-06-14 09:41:13',NULL,NULL),(156,55,'E306',6,1000000,'2024-06-14 09:41:13','2024-06-14 09:41:13',NULL,NULL),(157,55,'E307',4,1200000,'2024-06-14 09:41:13','2024-06-14 09:41:13',NULL,NULL),(158,55,'E308',6,1000000,'2024-06-14 09:41:13','2024-06-14 09:41:13',NULL,NULL),(159,55,'E309',4,1200000,'2024-06-14 09:41:13','2024-06-14 09:41:13',NULL,NULL),(160,55,'E310',6,1000000,'2024-06-14 09:41:13','2024-06-14 09:41:13',NULL,NULL);
INSERT INTO `bed` VALUES (11,11,1,'Under Maintenance','2024-06-14 09:41:13','2024-06-14 22:53:38','A101-1',0),(12,11,0,'Available','2024-06-14 09:41:13','2024-07-05 06:15:27','A101-2',0),(13,11,0,'Available','2024-06-14 09:41:13','2024-07-05 07:52:37','A101-3',0),(14,11,1,'Available','2024-06-14 09:41:13','2024-07-05 06:15:09','A101-4',0),(15,12,0,'Under Maintenance','2024-06-14 09:41:13','2024-07-05 09:31:58','A102-1',0),(16,12,1,'Available','2024-06-14 09:41:13','2024-07-05 06:15:09','A102-2',0),(17,12,1,'Under Maintenance','2024-06-14 09:41:13','2024-07-05 09:34:27','A102-3',0),(18,12,1,'Available','2024-06-14 09:41:13','2024-07-05 06:15:09','A102-4',0),(19,12,1,'Available','2024-06-14 09:41:13','2024-07-05 06:15:09','A102-5',0),(20,12,1,'Available','2024-06-14 09:41:13','2024-07-05 06:15:09','A102-6',0);
INSERT INTO `booking` VALUES (15,16,53,'2024-06-19','2024-07-24',1166670,1166670,0,NULL,'2024-06-15 20:31:31','Pending','2024-06-15 13:31:31','2024-06-15 13:31:31',NULL,NULL,NULL,12,NULL),(16,14,1,'2024-06-15','2024-06-17',1480000,1480000,0,NULL,'2024-06-15 22:26:47','Pending','2024-06-15 15:26:47','2024-06-16 02:36:50',NULL,NULL,NULL,11,NULL),(17,15,53,'2024-06-19','2024-07-19',1000000,1000000,0,NULL,'2024-06-16 11:25:49','Pending','2024-06-16 04:25:49','2024-06-16 04:25:49',NULL,NULL,NULL,12,NULL),(18,12,1,'2024-06-18','2024-07-30',1680000,1680000,0,NULL,'2024-06-17 12:40:34','Pending','2024-06-17 05:40:34','2024-06-17 05:40:34',NULL,NULL,NULL,11,NULL),(19,18,1,'2024-06-19','2024-07-26',1233330,1233330,0,NULL,'2024-06-18 15:01:52','Pending','2024-06-18 08:01:52','2024-06-18 08:01:52',NULL,NULL,NULL,12,NULL),(20,12,1,'2024-06-20','2024-07-21',1240000,1340000,100000,'2024-06-24','2024-06-19 22:59:35','Confirmed','2024-06-19 15:59:35','2024-06-21 09:43:52',NULL,NULL,NULL,11,NULL),(21,14,1,'2024-06-21','2024-08-05',1800000,1800000,0,NULL,'2024-06-21 15:59:13','Canceled','2024-06-21 08:59:13','2024-06-21 09:37:09',NULL,NULL,NULL,11,NULL),(22,17,1,'2024-06-24','2024-07-24',1000000,0,0,NULL,'2024-06-24 15:03:04','Pending','2024-06-24 08:03:04','2024-06-24 08:03:04',NULL,NULL,NULL,12,NULL),(23,19,1,'2024-06-24','2024-07-24',1000000,0,0,NULL,'2024-06-24 15:15:43','Canceled','2024-06-24 08:15:43','2024-06-26 05:50:17',NULL,NULL,NULL,12,NULL),(24,20,53,'2024-06-26','2024-07-30',1133330,1133330,0,NULL,'2024-06-24 15:50:17','Confirmed','2024-06-24 08:50:17','2024-06-24 08:51:43',NULL,NULL,NULL,12,NULL),(25,12,1,'2024-06-25','2024-07-25',1200000,0,0,NULL,'2024-06-24 16:36:51','Pending','2024-06-24 09:36:51','2024-06-24 09:36:51',NULL,NULL,NULL,11,NULL),(26,13,1,'2024-06-24','2024-07-24',1200000,0,0,NULL,'2024-06-24 17:02:12','Pending','2024-06-24 10:02:12','2024-06-24 10:02:12',NULL,NULL,NULL,11,NULL),(27,14,1,'2024-06-24','2024-08-29',2640000,0,0,NULL,'2024-06-24 17:04:11','Pending','2024-06-24 10:04:11','2024-06-24 10:04:11',NULL,NULL,NULL,11,NULL),(28,15,1,'2024-06-24','2024-07-24',1000000,0,0,NULL,'2024-06-24 20:43:11','Pending','2024-06-24 13:43:11','2024-06-24 13:43:11',NULL,NULL,NULL,12,NULL),(29,16,1,'2024-06-24','2024-07-24',1000000,0,0,NULL,'2024-06-24 20:45:39','Pending','2024-06-24 13:45:39','2024-06-24 13:45:39',NULL,NULL,NULL,12,NULL),(30,16,1,'2024-06-24','2024-07-24',1000000,0,0,NULL,'2024-06-24 20:47:57','Pending','2024-06-24 13:47:57','2024-06-24 13:47:57',NULL,NULL,NULL,12,NULL),(31,17,1,'2024-06-28','2024-07-31',1100000,0,0,NULL,'2024-06-24 21:02:24','Pending','2024-06-24 14:02:24','2024-06-24 14:02:24',NULL,NULL,NULL,12,NULL),(32,18,1,'2024-06-25','2024-08-08',1466670,0,0,NULL,'2024-06-24 21:19:46','Pending','2024-06-24 14:19:46','2024-06-24 14:19:46',NULL,NULL,NULL,12,NULL),(33,19,1,'2024-06-25','2024-07-25',1000000,0,0,NULL,'2024-06-24 21:39:06','Pending','2024-06-24 14:39:07','2024-06-24 14:39:07',NULL,NULL,NULL,12,NULL),(34,20,1,'2024-06-26','2024-07-29',1100000,0,0,NULL,'2024-06-24 22:05:33','Pending','2024-06-24 15:05:33','2024-06-24 15:05:33',NULL,NULL,NULL,12,NULL),(35,12,1,'2024-06-24','2024-07-24',1,0,0,NULL,'2024-06-24 22:11:21','Pending','2024-06-24 15:11:21','2024-06-24 15:11:21',NULL,NULL,NULL,11,NULL),(36,13,1,'2024-06-24','2024-07-24',1,0,0,NULL,'2024-06-24 22:20:59','Pending','2024-06-24 15:20:59','2024-06-24 15:20:59',NULL,NULL,NULL,11,NULL),(39,16,53,'2024-06-26','2024-07-26',1000000,1000000,0,NULL,'2024-06-26 12:36:59','Confirmed','2024-06-26 05:36:59','2024-06-26 05:50:07',NULL,NULL,NULL,12,NULL),(40,17,53,'2024-06-26','2024-08-09',1466670,0,0,NULL,'2024-06-26 12:42:48','Canceled','2024-06-26 05:42:48','2024-06-26 05:49:16',NULL,NULL,NULL,12,NULL),(41,18,53,'2024-06-27','2024-07-27',1000000,0,0,NULL,'2024-06-26 14:29:18','Canceled','2024-06-26 07:29:18','2024-06-26 07:39:13',NULL,NULL,NULL,12,NULL),(42,19,53,'2024-06-26','2024-07-30',1133330,1500000,366670,'2024-06-29','2024-06-26 14:32:49','Confirmed','2024-06-26 07:32:49','2024-06-26 07:55:13',NULL,NULL,NULL,12,NULL),(43,20,53,'2024-06-26','2024-09-03',2300000,2300000,0,NULL,'2024-06-26 14:37:40','Confirmed','2024-06-26 07:37:40','2024-06-26 07:40:26',NULL,NULL,NULL,12,NULL),(44,15,53,'2024-06-26','2024-08-01',1200000,1100000,0,NULL,'2024-06-26 14:47:52','Canceled','2024-06-26 07:47:52','2024-06-26 07:50:04',NULL,NULL,NULL,12,NULL),(45,17,53,'2024-06-26','2024-08-07',1400000,1400000,0,NULL,'2024-06-26 16:13:28','Pending','2024-06-26 09:13:28','2024-06-26 09:13:46',NULL,NULL,NULL,12,NULL),(49,19,1,'2024-06-27','2024-07-27',1000000,0,0,NULL,'2024-06-27 09:44:12','Pending','2024-06-27 02:44:12','2024-06-27 02:44:12',NULL,NULL,NULL,12,NULL),(50,18,1,'2024-06-27','2024-08-01',1166670,0,0,NULL,'2024-06-27 09:46:58','Pending','2024-06-27 02:46:58','2024-06-27 02:46:58',NULL,NULL,NULL,12,NULL),(51,20,1,'2024-06-27','2024-08-06',1333330,0,0,NULL,'2024-06-27 09:59:15','Pending','2024-06-27 02:59:15','2024-06-27 02:59:15',NULL,NULL,NULL,12,NULL),(52,12,1,'2024-06-27','2024-07-27',1200000,1200000,0,NULL,'2024-06-27 10:03:00','Pending','2024-06-27 03:03:00','2024-06-27 03:03:21',NULL,NULL,NULL,11,NULL),(53,13,1,'2024-07-04','2024-08-07',1360000,1360000,0,NULL,'2024-06-29 06:25:04','Confirmed','2024-06-28 23:25:04','2024-06-28 23:26:19',NULL,NULL,NULL,11,NULL),(54,15,1,'2024-07-23','2024-08-23',1033330,0,0,NULL,'2024-07-02 16:35:55','Pending','2024-07-02 09:35:55','2024-07-02 09:35:55',NULL,NULL,NULL,12,NULL),(55,16,1,'2024-07-02','2024-08-02',1033330,0,0,NULL,'2024-07-02 16:36:40','Pending','2024-07-02 09:36:40','2024-07-02 09:36:40',NULL,NULL,NULL,12,NULL),(56,14,1,'2024-07-04','2024-08-04',1240000,0,0,NULL,'2024-07-04 22:45:21','Pending','2024-07-04 15:45:21','2024-07-04 15:45:21',NULL,NULL,NULL,11,NULL),(57,17,1,'2024-07-04','2024-08-04',1033330,0,0,NULL,'2024-07-04 22:49:12','Pending','2024-07-04 15:49:12','2024-07-04 15:49:12',NULL,NULL,NULL,12,NULL),(58,18,1,'2024-07-04','2024-08-04',1033330,0,0,NULL,'2024-07-04 22:55:52','Pending','2024-07-04 15:55:52','2024-07-04 15:55:52',NULL,NULL,NULL,12,NULL),(59,19,1,'2024-07-04','2024-08-04',1033330,0,0,NULL,'2024-07-04 22:56:06','Pending','2024-07-04 15:56:06','2024-07-04 15:56:06',NULL,NULL,NULL,12,NULL),(60,20,1,'2024-07-05','2024-08-14',1333330,0,0,NULL,'2024-07-05 01:35:22','Pending','2024-07-04 18:35:22','2024-07-04 18:35:22',NULL,NULL,NULL,12,NULL),(61,15,1,'2024-07-05','2024-08-05',1033330,0,0,NULL,'2024-07-05 01:41:02','Pending','2024-07-04 18:41:02','2024-07-04 18:41:02',NULL,NULL,NULL,12,NULL),(62,12,1,'2024-07-05','2024-08-05',1240000,0,0,NULL,'2024-07-05 01:42:24','Pending','2024-07-04 18:42:24','2024-07-04 18:42:24',NULL,NULL,NULL,11,NULL),(63,13,1,'2024-07-06','2024-08-08',1320000,0,0,NULL,'2024-07-05 01:52:24','Pending','2024-07-04 18:52:24','2024-07-04 18:52:24',NULL,NULL,NULL,11,NULL),(64,16,1,'2024-07-05','2024-08-06',1066670,0,0,NULL,'2024-07-05 01:55:33','Pending','2024-07-04 18:55:33','2024-07-04 18:55:33',NULL,NULL,NULL,12,NULL),(65,17,1,'2024-07-05','2024-08-05',1033330,0,0,NULL,'2024-07-05 02:01:19','Pending','2024-07-04 19:01:20','2024-07-04 19:01:20',NULL,NULL,NULL,12,NULL),(66,18,1,'2024-07-05','2024-08-06',1066670,0,0,NULL,'2024-07-05 02:03:55','Pending','2024-07-04 19:03:55','2024-07-04 19:03:55',NULL,NULL,NULL,12,NULL),(67,14,1,'2024-07-05','2024-08-05',1240000,0,0,NULL,'2024-07-05 02:05:32','Pending','2024-07-04 19:05:32','2024-07-04 19:05:32',NULL,NULL,NULL,11,NULL),(68,19,1,'2024-07-05','2024-08-05',1033330,0,0,NULL,'2024-07-05 10:43:52','Pending','2024-07-05 03:43:52','2024-07-05 03:43:52',NULL,NULL,NULL,12,NULL),(69,20,1,'2024-07-05','2024-08-20',1533330,0,0,NULL,'2024-07-05 10:47:22','Pending','2024-07-05 03:47:22','2024-07-05 03:47:22',NULL,NULL,NULL,12,NULL),(70,15,1,'2024-07-05','2024-08-06',1066670,0,0,NULL,'2024-07-05 10:52:10','Pending','2024-07-05 03:52:10','2024-07-05 03:52:10',NULL,NULL,NULL,12,NULL),(71,16,1,'2024-07-05','2024-08-06',1066670,0,0,NULL,'2024-07-05 10:54:14','Pending','2024-07-05 03:54:14','2024-07-05 03:54:14',NULL,NULL,NULL,12,NULL),(72,17,1,'2024-07-05','2024-08-08',1133330,0,0,NULL,'2024-07-05 12:12:27','Pending','2024-07-05 05:12:27','2024-07-05 05:12:27',NULL,NULL,NULL,12,NULL),(73,18,1,'2024-07-25','2024-08-28',1133330,0,0,NULL,'2024-07-05 12:17:16','Pending','2024-07-05 05:17:16','2024-07-05 05:17:16',NULL,NULL,NULL,12,NULL),(74,19,1,'2024-07-05','2024-08-06',1066670,0,0,NULL,'2024-07-05 12:38:58','Pending','2024-07-05 05:38:58','2024-07-05 05:38:58',NULL,NULL,NULL,12,NULL),(75,12,1,'2024-07-05','2024-08-05',1240000,0,0,NULL,'2024-07-05 12:44:49','Pending','2024-07-05 05:44:49','2024-07-05 05:44:49',NULL,NULL,NULL,11,NULL),(76,13,1,'2024-07-05','2024-08-13',1560000,0,0,NULL,'2024-07-05 12:49:35','Pending','2024-07-05 05:49:35','2024-07-05 05:49:35',NULL,NULL,NULL,11,NULL),(77,14,1,'2024-07-05','2024-08-05',1240000,1240000,0,NULL,'2024-07-05 13:10:48','Pending','2024-07-05 06:10:48','2024-07-05 06:11:19',NULL,NULL,NULL,11,NULL),(78,20,1,'2024-07-05','2024-08-08',1133330,1133330,0,NULL,'2024-07-05 13:13:31','Pending','2024-07-05 06:13:31','2024-07-05 06:13:53',NULL,NULL,NULL,12,NULL),(79,12,1,'2024-07-05','2024-08-20',1840000,1840000,0,NULL,'2024-07-05 13:15:27','Pending','2024-07-05 06:15:27','2024-07-05 06:15:34',NULL,NULL,NULL,11,NULL),(81,15,1,'2024-07-05','2024-08-20',1533330,1533330,0,NULL,'2024-07-05 14:56:09','Pending','2024-07-05 07:56:09','2024-07-05 07:56:36',NULL,NULL,NULL,12,NULL);
INSERT INTO `usage_service` VALUES (1,1,18,211110000,175000000,61500000,'Paypal','2024-06-21 08:15:56',NULL),(2,1,20,211110000,175000000,61500000,'Paypal','2024-06-21 08:15:56',NULL),(3,1,18,200000000,2500000000,12500000,'Paypal','2024-06-21 08:48:47',NULL),(4,1,20,200000000,2500000000,12500000,'Paypal','2024-06-21 08:48:48',NULL),(5,1,18,33333300,1666670000,666667000,'Paypal','2024-06-21 09:23:55',NULL),(6,1,20,33333300,1666670000,666667000,'Paypal','2024-06-21 09:23:55',NULL),(7,1,21,33333300,1666670000,666667000,'Paypal','2024-06-21 09:23:55',NULL),(8,1,18,31274700,39093300,7818670,'Paypal','2024-06-21 10:01:05',NULL),(9,1,20,31274700,39093300,7818670,'Paypal','2024-06-21 10:01:05',NULL),(10,1,21,31274700,39093300,7818670,'Paypal','2024-06-21 10:01:05',NULL),(11,1,18,1333330,1666.67,666.667,'Paypal','2024-06-24 09:04:35',NULL),(12,1,20,1333330,1666.67,666.667,'Paypal','2024-06-24 09:04:35',NULL),(13,1,21,1333330,1666.67,666.667,'Paypal','2024-06-24 09:04:35',NULL),(14,1,18,444.444,555.556,111.111,'Paypal','2024-06-27 15:06:22',NULL),(15,1,20,444.444,555.556,111.111,'Paypal','2024-06-27 15:06:22',NULL),(16,1,21,444.444,555.556,111.111,'Paypal','2024-06-27 15:06:22',NULL),(17,1,25,444.444,555.556,111.111,'Paypal','2024-06-27 15:06:22',NULL),(18,1,26,444.444,555.556,111.111,'Paypal','2024-06-27 15:06:22',NULL),(19,1,27,444.444,555.556,111.111,'Paypal','2024-06-27 15:06:22',NULL),(20,1,35,444.444,555.556,111.111,'Paypal','2024-06-27 15:06:22',NULL),(21,1,36,444.444,555.556,111.111,'Paypal','2024-06-27 15:06:22',NULL),(22,1,52,444.444,555.556,111.111,'Paypal','2024-06-27 15:06:22',NULL);
INSERT INTO `payment` VALUES (1,20,'BankQRCode','fdf','2024-06-21 15:46:19','2024-06-21 08:46:19','2024-06-21 08:46:19'),(2,21,'PayPal','ghgjkhl','2024-06-21 16:00:37','2024-06-21 09:00:37','2024-06-21 09:00:37'),(3,23,'PayPal','tykglhhkjhgd','2024-06-24 15:16:34','2024-06-24 08:16:34','2024-06-24 08:16:34'),(4,24,'BankQRCode','egrtykulsgfhgfesggdgd','2024-06-24 15:51:04','2024-06-24 08:51:04','2024-06-24 08:51:04'),(6,39,'PayPal','PAYID-MZ52R7A72T573448D7878448','2024-06-26 12:37:08','2024-06-26 05:37:08','2024-06-26 05:37:08'),(7,40,'PayPal','PAYID-MZ52UWI0FM39351F71762120','2024-06-26 12:43:00','2024-06-26 05:43:00','2024-06-26 05:43:00'),(8,41,'PayPal','PAYID-MZ54GTY0VM227203A252150G','2024-06-26 14:29:36','2024-06-26 07:29:36','2024-06-26 07:29:36'),(9,42,'PayPal','PAYID-MZ54IIQ831769782F251821D','2024-06-26 14:32:58','2024-06-26 07:32:58','2024-06-26 07:32:58'),(10,43,'PayPal','PAYID-MZ54KRI21M43083RN907231S','2024-06-26 14:37:50','2024-06-26 07:37:50','2024-06-26 07:37:50'),(11,44,'PayPal','PAYID-MZ54PKA23T15696TW241781S','2024-06-26 14:48:18','2024-06-26 07:48:18','2024-06-26 07:48:18'),(12,45,'PayPal','PAYID-MZ55XOA3CB61492LY7479536','2024-06-26 16:13:46','2024-06-26 09:13:46','2024-06-26 09:13:46'),(13,52,'PayPal','PAYID-MZ6NMZQ285192502W083592K','2024-06-27 10:03:21','2024-06-27 03:03:21','2024-06-27 03:03:21'),(14,53,'PayPal','PAYID-MZ7UMUI5JY98020S3059490N','2024-06-29 06:25:23','2024-06-28 23:25:23','2024-06-28 23:25:23'),(15,77,'BankQRCode',NULL,'2024-07-05 13:11:19','2024-07-05 06:11:19','2024-07-05 06:11:19'),(16,78,'BankQRCode','25970888','2024-07-05 13:13:53','2024-07-05 06:13:53','2024-07-05 06:13:53'),(17,79,'BankQRCode','34767206','2024-07-05 13:15:34','2024-07-05 06:15:34','2024-07-05 06:15:34'),(18,79,'BankQRCode','34767206','2024-07-05 13:21:18','2024-07-05 06:21:18','2024-07-05 06:21:18'),(19,81,'BankQRCode','14467650','2024-07-05 14:56:36','2024-07-05 07:56:36','2024-07-05 07:56:36');
INSERT INTO `notification` VALUES (1,1,'Your usage service bill is ready.',0,'2024-06-21 08:15:57'),(2,1,'Your usage service bill is ready.',0,'2024-06-21 08:15:57'),(3,4,'New request from your tenant',0,'2024-06-21 08:31:42'),(4,6,'New request from your tenant',0,'2024-06-21 08:31:42'),(5,8,'New request from your tenant',0,'2024-06-21 08:31:42'),(6,11,'New request from your tenant',0,'2024-06-21 08:31:42'),(7,13,'New request from your tenant',0,'2024-06-21 08:31:42'),(8,15,'New request from your tenant',0,'2024-06-21 08:31:42'),(9,17,'New request from your tenant',0,'2024-06-21 08:31:42'),(10,20,'New request from your tenant',0,'2024-06-21 08:31:42'),(11,22,'New request from your tenant',0,'2024-06-21 08:31:42'),(12,24,'New request from your tenant',0,'2024-06-21 08:31:42'),(13,26,'New request from your tenant',0,'2024-06-21 08:31:42'),(14,28,'New request from your tenant',0,'2024-06-21 08:31:42'),(15,30,'New request from your tenant',0,'2024-06-21 08:31:42'),(16,32,'New request from your tenant',0,'2024-06-21 08:31:42'),(17,34,'New request from your tenant',0,'2024-06-21 08:31:42'),(18,36,'New request from your tenant',0,'2024-06-21 08:31:42'),(19,38,'New request from your tenant',0,'2024-06-21 08:31:42'),(20,40,'New request from your tenant',0,'2024-06-21 08:31:42'),(21,42,'New request from your tenant',0,'2024-06-21 08:31:42'),(22,44,'New request from your tenant',0,'2024-06-21 08:31:42'),(23,46,'New request from your tenant',0,'2024-06-21 08:31:42'),(24,48,'New request from your tenant',0,'2024-06-21 08:31:42'),(25,50,'New request from your tenant',0,'2024-06-21 08:31:42'),(26,52,'New request from your tenant',0,'2024-06-21 08:31:42'),(27,1,'Your request was replied',0,'2024-06-21 08:32:36'),(28,4,'New request from your tenant',0,'2024-06-21 08:33:00'),(29,6,'New request from your tenant',0,'2024-06-21 08:33:00'),(30,8,'New request from your tenant',0,'2024-06-21 08:33:00'),(31,11,'New request from your tenant',0,'2024-06-21 08:33:00'),(32,13,'New request from your tenant',0,'2024-06-21 08:33:00'),(33,15,'New request from your tenant',0,'2024-06-21 08:33:00'),(34,17,'New request from your tenant',0,'2024-06-21 08:33:00'),(35,20,'New request from your tenant',0,'2024-06-21 08:33:00'),(36,22,'New request from your tenant',0,'2024-06-21 08:33:00'),(37,24,'New request from your tenant',0,'2024-06-21 08:33:00'),(38,26,'New request from your tenant',0,'2024-06-21 08:33:00'),(39,28,'New request from your tenant',0,'2024-06-21 08:33:00'),(40,30,'New request from your tenant',0,'2024-06-21 08:33:00'),(41,32,'New request from your tenant',0,'2024-06-21 08:33:00'),(42,34,'New request from your tenant',0,'2024-06-21 08:33:00'),(43,36,'New request from your tenant',0,'2024-06-21 08:33:00'),(44,38,'New request from your tenant',0,'2024-06-21 08:33:00'),(45,40,'New request from your tenant',0,'2024-06-21 08:33:00'),(46,42,'New request from your tenant',0,'2024-06-21 08:33:00'),(47,44,'New request from your tenant',0,'2024-06-21 08:33:00'),(48,46,'New request from your tenant',0,'2024-06-21 08:33:00'),(49,48,'New request from your tenant',0,'2024-06-21 08:33:00'),(50,50,'New request from your tenant',0,'2024-06-21 08:33:00'),(51,52,'New request from your tenant',0,'2024-06-21 08:33:00'),(52,1,'Your usage service bill is ready.',0,'2024-06-21 08:48:48'),(53,1,'Your usage service bill is ready.',0,'2024-06-21 08:48:48'),(54,4,'New request from your tenant',0,'2024-06-21 09:23:13'),(55,6,'New request from your tenant',0,'2024-06-21 09:23:13'),(56,8,'New request from your tenant',0,'2024-06-21 09:23:13'),(57,11,'New request from your tenant',0,'2024-06-21 09:23:13'),(58,13,'New request from your tenant',0,'2024-06-21 09:23:13'),(59,15,'New request from your tenant',0,'2024-06-21 09:23:13'),(60,17,'New request from your tenant',0,'2024-06-21 09:23:13'),(61,20,'New request from your tenant',0,'2024-06-21 09:23:13'),(62,22,'New request from your tenant',0,'2024-06-21 09:23:13'),(63,24,'New request from your tenant',0,'2024-06-21 09:23:13'),(64,26,'New request from your tenant',0,'2024-06-21 09:23:13'),(65,28,'New request from your tenant',0,'2024-06-21 09:23:13'),(66,30,'New request from your tenant',0,'2024-06-21 09:23:13'),(67,32,'New request from your tenant',0,'2024-06-21 09:23:13'),(68,34,'New request from your tenant',0,'2024-06-21 09:23:13'),(69,36,'New request from your tenant',0,'2024-06-21 09:23:13'),(70,38,'New request from your tenant',0,'2024-06-21 09:23:13'),(71,40,'New request from your tenant',0,'2024-06-21 09:23:13'),(72,42,'New request from your tenant',0,'2024-06-21 09:23:13'),(73,44,'New request from your tenant',0,'2024-06-21 09:23:13'),(74,46,'New request from your tenant',0,'2024-06-21 09:23:13'),(75,48,'New request from your tenant',0,'2024-06-21 09:23:13'),(76,50,'New request from your tenant',0,'2024-06-21 09:23:13'),(77,52,'New request from your tenant',0,'2024-06-21 09:23:13'),(78,1,'Your usage service bill is ready.',0,'2024-06-21 09:23:56'),(79,1,'Your usage service bill is ready.',0,'2024-06-21 09:23:56'),(80,1,'Your usage service bill is ready.',0,'2024-06-21 09:23:56'),(81,1,'Your usage service bill is ready.',0,'2024-06-21 10:01:05'),(82,1,'Your usage service bill is ready.',0,'2024-06-21 10:01:05'),(83,1,'Your usage service bill is ready.',0,'2024-06-21 10:01:05'),(84,4,'New request from your tenant',0,'2024-06-24 08:42:25'),(85,6,'New request from your tenant',0,'2024-06-24 08:42:25'),(86,8,'New request from your tenant',0,'2024-06-24 08:42:25'),(87,11,'New request from your tenant',0,'2024-06-24 08:42:25'),(88,13,'New request from your tenant',0,'2024-06-24 08:42:25'),(89,15,'New request from your tenant',0,'2024-06-24 08:42:25'),(90,17,'New request from your tenant',0,'2024-06-24 08:42:25'),(91,20,'New request from your tenant',0,'2024-06-24 08:42:25'),(92,22,'New request from your tenant',0,'2024-06-24 08:42:25'),(93,24,'New request from your tenant',0,'2024-06-24 08:42:25'),(94,26,'New request from your tenant',0,'2024-06-24 08:42:25'),(95,28,'New request from your tenant',0,'2024-06-24 08:42:25'),(96,30,'New request from your tenant',0,'2024-06-24 08:42:25'),(97,32,'New request from your tenant',0,'2024-06-24 08:42:25'),(98,34,'New request from your tenant',0,'2024-06-24 08:42:25'),(99,36,'New request from your tenant',0,'2024-06-24 08:42:25'),(100,38,'New request from your tenant',0,'2024-06-24 08:42:25'),(101,40,'New request from your tenant',0,'2024-06-24 08:42:25'),(102,42,'New request from your tenant',0,'2024-06-24 08:42:25'),(103,44,'New request from your tenant',0,'2024-06-24 08:42:25'),(104,46,'New request from your tenant',0,'2024-06-24 08:42:25'),(105,48,'New request from your tenant',0,'2024-06-24 08:42:25'),(106,50,'New request from your tenant',0,'2024-06-24 08:42:25'),(107,52,'New request from your tenant',0,'2024-06-24 08:42:25'),(108,4,'New request from your tenant',0,'2024-06-24 08:42:41'),(109,6,'New request from your tenant',0,'2024-06-24 08:42:41'),(110,8,'New request from your tenant',0,'2024-06-24 08:42:41'),(111,11,'New request from your tenant',0,'2024-06-24 08:42:41'),(112,13,'New request from your tenant',0,'2024-06-24 08:42:41'),(113,15,'New request from your tenant',0,'2024-06-24 08:42:41'),(114,17,'New request from your tenant',0,'2024-06-24 08:42:41'),(115,20,'New request from your tenant',0,'2024-06-24 08:42:41'),(116,22,'New request from your tenant',0,'2024-06-24 08:42:41'),(117,24,'New request from your tenant',0,'2024-06-24 08:42:41'),(118,26,'New request from your tenant',0,'2024-06-24 08:42:41'),(119,28,'New request from your tenant',0,'2024-06-24 08:42:41'),(120,30,'New request from your tenant',0,'2024-06-24 08:42:41'),(121,32,'New request from your tenant',0,'2024-06-24 08:42:41'),(122,34,'New request from your tenant',0,'2024-06-24 08:42:41'),(123,36,'New request from your tenant',0,'2024-06-24 08:42:41'),(124,38,'New request from your tenant',0,'2024-06-24 08:42:41'),(125,40,'New request from your tenant',0,'2024-06-24 08:42:41'),(126,42,'New request from your tenant',0,'2024-06-24 08:42:41'),(127,44,'New request from your tenant',0,'2024-06-24 08:42:41'),(128,46,'New request from your tenant',0,'2024-06-24 08:42:41'),(129,48,'New request from your tenant',0,'2024-06-24 08:42:41'),(130,50,'New request from your tenant',0,'2024-06-24 08:42:41'),(131,52,'New request from your tenant',0,'2024-06-24 08:42:41'),(132,1,'Your request was replied',0,'2024-06-24 08:45:15'),(133,4,'New request from your tenant',0,'2024-06-24 08:54:38'),(134,6,'New request from your tenant',0,'2024-06-24 08:54:38'),(135,8,'New request from your tenant',0,'2024-06-24 08:54:38'),(136,11,'New request from your tenant',0,'2024-06-24 08:54:38'),(137,13,'New request from your tenant',0,'2024-06-24 08:54:38'),(138,15,'New request from your tenant',0,'2024-06-24 08:54:38'),(139,17,'New request from your tenant',0,'2024-06-24 08:54:38'),(140,20,'New request from your tenant',0,'2024-06-24 08:54:38'),(141,22,'New request from your tenant',0,'2024-06-24 08:54:38'),(142,24,'New request from your tenant',0,'2024-06-24 08:54:38'),(143,26,'New request from your tenant',0,'2024-06-24 08:54:38'),(144,28,'New request from your tenant',0,'2024-06-24 08:54:38'),(145,30,'New request from your tenant',0,'2024-06-24 08:54:38'),(146,32,'New request from your tenant',0,'2024-06-24 08:54:38'),(147,34,'New request from your tenant',0,'2024-06-24 08:54:38'),(148,36,'New request from your tenant',0,'2024-06-24 08:54:38'),(149,38,'New request from your tenant',0,'2024-06-24 08:54:38'),(150,40,'New request from your tenant',0,'2024-06-24 08:54:38'),(151,42,'New request from your tenant',0,'2024-06-24 08:54:38'),(152,44,'New request from your tenant',0,'2024-06-24 08:54:38'),(153,46,'New request from your tenant',0,'2024-06-24 08:54:38'),(154,48,'New request from your tenant',0,'2024-06-24 08:54:38'),(155,50,'New request from your tenant',0,'2024-06-24 08:54:38'),(156,52,'New request from your tenant',0,'2024-06-24 08:54:38'),(157,4,'New request from your tenant',0,'2024-06-24 09:02:06'),(158,6,'New request from your tenant',0,'2024-06-24 09:02:06'),(159,8,'New request from your tenant',0,'2024-06-24 09:02:06'),(160,11,'New request from your tenant',0,'2024-06-24 09:02:06'),(161,13,'New request from your tenant',0,'2024-06-24 09:02:06'),(162,15,'New request from your tenant',0,'2024-06-24 09:02:06'),(163,17,'New request from your tenant',0,'2024-06-24 09:02:06'),(164,20,'New request from your tenant',0,'2024-06-24 09:02:06'),(165,22,'New request from your tenant',0,'2024-06-24 09:02:06'),(166,24,'New request from your tenant',0,'2024-06-24 09:02:06'),(167,26,'New request from your tenant',0,'2024-06-24 09:02:06'),(168,28,'New request from your tenant',0,'2024-06-24 09:02:06'),(169,30,'New request from your tenant',0,'2024-06-24 09:02:06'),(170,32,'New request from your tenant',0,'2024-06-24 09:02:06'),(171,34,'New request from your tenant',0,'2024-06-24 09:02:06'),(172,36,'New request from your tenant',0,'2024-06-24 09:02:06'),(173,38,'New request from your tenant',0,'2024-06-24 09:02:06'),(174,40,'New request from your tenant',0,'2024-06-24 09:02:06'),(175,42,'New request from your tenant',0,'2024-06-24 09:02:06'),(176,44,'New request from your tenant',0,'2024-06-24 09:02:06'),(177,46,'New request from your tenant',0,'2024-06-24 09:02:06'),(178,48,'New request from your tenant',0,'2024-06-24 09:02:06'),(179,50,'New request from your tenant',0,'2024-06-24 09:02:06'),(180,52,'New request from your tenant',0,'2024-06-24 09:02:06'),(181,1,'Your request was replied',0,'2024-06-24 09:02:33'),(182,1,'Your usage service bill is ready.',0,'2024-06-24 09:04:35'),(183,1,'Your usage service bill is ready.',0,'2024-06-24 09:04:35'),(184,1,'Your usage service bill is ready.',0,'2024-06-24 09:04:35'),(185,4,'New request from your tenant',0,'2024-06-26 09:25:22'),(186,6,'New request from your tenant',0,'2024-06-26 09:25:22'),(187,8,'New request from your tenant',0,'2024-06-26 09:25:22'),(188,11,'New request from your tenant',0,'2024-06-26 09:25:22'),(189,13,'New request from your tenant',0,'2024-06-26 09:25:22'),(190,15,'New request from your tenant',0,'2024-06-26 09:25:22'),(191,17,'New request from your tenant',0,'2024-06-26 09:25:22'),(192,20,'New request from your tenant',0,'2024-06-26 09:25:22'),(193,22,'New request from your tenant',0,'2024-06-26 09:25:22'),(194,24,'New request from your tenant',0,'2024-06-26 09:25:22'),(195,26,'New request from your tenant',0,'2024-06-26 09:25:22'),(196,28,'New request from your tenant',0,'2024-06-26 09:25:22'),(197,30,'New request from your tenant',0,'2024-06-26 09:25:22'),(198,32,'New request from your tenant',0,'2024-06-26 09:25:22'),(199,34,'New request from your tenant',0,'2024-06-26 09:25:22'),(200,36,'New request from your tenant',0,'2024-06-26 09:25:22'),(201,38,'New request from your tenant',0,'2024-06-26 09:25:22'),(202,40,'New request from your tenant',0,'2024-06-26 09:25:22'),(203,42,'New request from your tenant',0,'2024-06-26 09:25:22'),(204,44,'New request from your tenant',0,'2024-06-26 09:25:22'),(205,46,'New request from your tenant',0,'2024-06-26 09:25:22'),(206,48,'New request from your tenant',0,'2024-06-26 09:25:22'),(207,50,'New request from your tenant',0,'2024-06-26 09:25:22'),(208,52,'New request from your tenant',0,'2024-06-26 09:25:22'),(209,1,'Your usage service bill is ready.',0,'2024-06-27 15:06:23'),(210,1,'Your usage service bill is ready.',0,'2024-06-27 15:06:23'),(211,1,'Your usage service bill is ready.',0,'2024-06-27 15:06:23'),(212,1,'Your usage service bill is ready.',0,'2024-06-27 15:06:23'),(213,1,'Your usage service bill is ready.',0,'2024-06-27 15:06:23'),(214,1,'Your usage service bill is ready.',0,'2024-06-27 15:06:23'),(215,1,'Your usage service bill is ready.',0,'2024-06-27 15:06:23'),(216,1,'Your usage service bill is ready.',0,'2024-06-27 15:06:23'),(217,1,'Your usage service bill is ready.',0,'2024-06-27 15:06:23');
INSERT INTO `complaint` VALUES (1,1,'Mt nc','ht nc ri','','INPROGRESS','2024-06-24 09:02:06','2024-06-24 09:02:33'),(2,53,'qerhtgh','adgsfhg',NULL,'WAITING','2024-06-26 09:25:22','2024-06-26 09:25:22');
INSERT INTO `comment` VALUES (9,'L Thnh t','datlthe176015@fpt.edu.vn','a','2024-06-17 15:57:29','2024-06-17 15:57:29'),(10,'duxngthwjg','thai.nguyen@svtech.com.vn','uarrrrrrrrrrrrrrr','2024-06-17 15:57:51','2024-06-17 15:57:51'),(11,'rt','pefec13635@unbiex.com','lo','2024-06-17 15:58:03','2024-06-17 15:58:03'),(12,'L Thnh t','datleidol@gmail.com','fgvbnm,','2024-06-17 16:21:16','2024-06-17 16:21:16'),(13,'L Thnh t','datleidol@gmail.com',' n ngon cht lng 10 im','2024-06-17 16:50:26','2024-06-17 16:50:26'),(14,'ThanhDat','act-saviors@ascendcorp.com','cm ngon lm  thoi mi lun','2024-06-17 18:37:35','2024-06-17 18:37:35'),(15,'Thnhatj ','thai.nguyen@svtech.com.vn',' n ngon','2024-06-18 07:57:49','2024-06-18 07:57:49'),(16,'duxngthwjg','thai.nguyen@svtech.com.vn','d','2024-06-21 08:14:13','2024-06-21 08:14:13'),(17,'svdbf','pefec13635@unbiex.com','sdbfgbnm','2024-06-21 08:33:38','2024-06-21 08:33:38'),(18,'ZAP','zaproxy@example.com','Zaproxy alias impedit expedita quisquam pariatur exercitationem. Nemo rerum eveniet dolores rem quia dignissimos.','2024-07-02 00:59:52','2024-07-02 00:59:52'),(19,'c:/Windows/system.ini','zaproxy@example.com','Zaproxy alias impedit expedita quisquam pariatur exercitationem. Nemo rerum eveniet dolores rem quia dignissimos.','2024-07-02 01:00:05','2024-07-02 01:00:05'),(20,'../../../../../../../../../../../../../../../../Windows/system.ini','zaproxy@example.com','Zaproxy alias impedit expedita quisquam pariatur exercitationem. Nemo rerum eveniet dolores rem quia dignissimos.','2024-07-02 01:00:05','2024-07-02 01:00:05'),(21,'c:\\Windows\\system.ini','zaproxy@example.com','Zaproxy alias impedit expedita quisquam pariatur exercitationem. Nemo rerum eveniet dolores rem quia dignissimos.','2024-07-02 01:00:05','2024-07-02 01:00:05'),(22,'..\\..\\..\\..\\..\\..\\..\\..\\..\\..\\..\\..\\..\\..\\..\\..\\Windows\\system.ini','zaproxy@example.com','Zaproxy alias impedit expedita quisquam pariatur exercitationem. Nemo rerum eveniet dolores rem quia dignissimos.','2024-07-02 01:00:05','2024-07-02 01:00:05'),(23,'/etc/passwd','zaproxy@example.com','Zaproxy alias impedit expedita quisquam pariatur exercitationem. Nemo rerum eveniet dolores rem quia dignissimos.','2024-07-02 01:00:06','2024-07-02 01:00:06'),(24,'../../../../../../../../../../../../../../../../etc/passwd','zaproxy@example.com','Zaproxy alias impedit expedita quisquam pariatur exercitationem. Nemo rerum eveniet dolores rem quia dignissimos.','2024-07-02 01:00:06','2024-07-02 01:00:06'),(25,'c:/','zaproxy@example.com','Zaproxy alias impedit expedita quisquam pariatur exercitationem. Nemo rerum eveniet dolores rem quia dignissimos.','2024-07-02 01:00:06','2024-07-02 01:00:06'),(26,'/','zaproxy@example.com','Zaproxy alias impedit expedita quisquam pariatur exercitationem. Nemo rerum eveniet dolores rem quia dignissimos.','2024-07-02 01:00:06','2024-07-02 01:00:06'),(27,'c:\\','zaproxy@example.com','Zaproxy alias impedit expedita quisquam pariatur exercitationem. Nemo rerum eveniet dolores rem quia dignissimos.','2024-07-02 01:00:06','2024-07-02 01:00:06'),(28,'../../../../../../../../../../../../../../../../','zaproxy@example.com','Zaproxy alias impedit expedita quisquam pariatur exercitationem. Nemo rerum eveniet dolores rem quia dignissimos.','2024-07-02 01:00:06','2024-07-02 01:00:06'),(29,'WEB-INF/web.xml','zaproxy@example.com','Zaproxy alias impedit expedita quisquam pariatur exercitationem. Nemo rerum eveniet dolores rem quia dignissimos.','2024-07-02 01:00:06','2024-07-02 01:00:06'),(30,'WEB-INF\\web.xml','zaproxy@example.com','Zaproxy alias impedit expedita quisquam pariatur exercitationem. Nemo rerum eveniet dolores rem quia dignissimos.','2024-07-02 01:00:06','2024-07-02 01:00:06'),(31,'/WEB-INF/web.xml','zaproxy@example.com','Zaproxy alias impedit expedita quisquam pariatur exercitationem. Nemo rerum eveniet dolores rem quia dignissimos.','2024-07-02 01:00:06','2024-07-02 01:00:06'),(32,'\\WEB-INF\\web.xml','zaproxy@example.com','Zaproxy alias impedit expedita quisquam pariatur exercitationem. Nemo rerum eveniet dolores rem quia dignissimos.','2024-07-02 01:00:06','2024-07-02 01:00:06'),(33,'thishouldnotexistandhopefullyitwillnot','zaproxy@example.com','Zaproxy alias impedit expedita quisquam pariatur exercitationem. Nemo rerum eveniet dolores rem quia dignissimos.','2024-07-02 01:00:06','2024-07-02 01:00:06'),(34,'comments','zaproxy@example.com','Zaproxy alias impedit expedita quisquam pariatur exercitationem. Nemo rerum eveniet dolores rem quia dignissimos.','2024-07-02 01:00:06','2024-07-02 01:00:06'),(35,'/comments','zaproxy@example.com','Zaproxy alias impedit expedita quisquam pariatur exercitationem. Nemo rerum eveniet dolores rem quia dignissimos.','2024-07-02 01:00:06','2024-07-02 01:00:06'),(36,'\\comments','zaproxy@example.com','Zaproxy alias impedit expedita quisquam pariatur exercitationem. Nemo rerum eveniet dolores rem quia dignissimos.','2024-07-02 01:00:06','2024-07-02 01:00:06'),(37,'ZAP','c:/Windows/system.ini','Zaproxy alias impedit expedita quisquam pariatur exercitationem. Nemo rerum eveniet dolores rem quia dignissimos.','2024-07-02 01:00:06','2024-07-02 01:00:06'),(38,'ZAP','../../../../../../../../../../../../../../../../Windows/system.ini','Zaproxy alias impedit expedita quisquam pariatur exercitationem. Nemo rerum eveniet dolores rem quia dignissimos.','2024-07-02 01:00:06','2024-07-02 01:00:06'),(39,'ZAP','c:\\Windows\\system.ini','Zaproxy alias impedit expedita quisquam pariatur exercitationem. Nemo rerum eveniet dolores rem quia dignissimos.','2024-07-02 01:00:07','2024-07-02 01:00:07'),(40,'ZAP','..\\..\\..\\..\\..\\..\\..\\..\\..\\..\\..\\..\\..\\..\\..\\..\\Windows\\system.ini','Zaproxy alias impedit expedita quisquam pariatur exercitationem. Nemo rerum eveniet dolores rem quia dignissimos.','2024-07-02 01:00:07','2024-07-02 01:00:07'),(41,'ZAP','/etc/passwd','Zaproxy alias impedit expedita quisquam pariatur exercitationem. Nemo rerum eveniet dolores rem quia dignissimos.','2024-07-02 01:00:07','2024-07-02 01:00:07'),(42,'ZAP','../../../../../../../../../../../../../../../../etc/passwd','Zaproxy alias impedit expedita quisquam pariatur exercitationem. Nemo rerum eveniet dolores rem quia dignissimos.','2024-07-02 01:00:07','2024-07-02 01:00:07'),(43,'ZAP','c:/','Zaproxy alias impedit expedita quisquam pariatur exercitationem. Nemo rerum eveniet dolores rem quia dignissimos.','2024-07-02 01:00:07','2024-07-02 01:00:07'),(44,'ZAP','/','Zaproxy alias impedit expedita quisquam pariatur exercitationem. Nemo rerum eveniet dolores rem quia dignissimos.','2024-07-02 01:00:07','2024-07-02 01:00:07'),(45,'ZAP','c:\\','Zaproxy alias impedit expedita quisquam pariatur exercitationem. Nemo rerum eveniet dolores rem quia dignissimos.','2024-07-02 01:00:07','2024-07-02 01:00:07'),(46,'ZAP','../../../../../../../../../../../../../../../../','Zaproxy alias impedit expedita quisquam pariatur exercitationem. Nemo rerum eveniet dolores rem quia dignissimos.','2024-07-02 01:00:07','2024-07-02 01:00:07'),(47,'ZAP','WEB-INF/web.xml','Zaproxy alias impedit expedita quisquam pariatur exercitationem. Nemo rerum eveniet dolores rem quia dignissimos.','2024-07-02 01:00:07','2024-07-02 01:00:07'),(48,'ZAP','WEB-INF\\web.xml','Zaproxy alias impedit expedita quisquam pariatur exercitationem. Nemo rerum eveniet dolores rem quia dignissimos.','2024-07-02 01:00:07','2024-07-02 01:00:07'),(49,'ZAP','/WEB-INF/web.xml','Zaproxy alias impedit expedita quisquam pariatur exercitationem. Nemo rerum eveniet dolores rem quia dignissimos.','2024-07-02 01:00:07','2024-07-02 01:00:07'),(50,'ZAP','\\WEB-INF\\web.xml','Zaproxy alias impedit expedita quisquam pariatur exercitationem. Nemo rerum eveniet dolores rem quia dignissimos.','2024-07-02 01:00:07','2024-07-02 01:00:07'),(51,'ZAP','thishouldnotexistandhopefullyitwillnot','Zaproxy alias impedit expedita quisquam pariatur exercitationem. Nemo rerum eveniet dolores rem quia dignissimos.','2024-07-02 01:00:07','2024-07-02 01:00:07'),(52,'ZAP','comments','Zaproxy alias impedit expedita quisquam pariatur exercitationem. Nemo rerum eveniet dolores rem quia dignissimos.','2024-07-02 01:00:07','2024-07-02 01:00:07'),(53,'ZAP','/comments','Zaproxy alias impedit expedita quisquam pariatur exercitationem. Nemo rerum eveniet dolores rem quia dignissimos.','2024-07-02 01:00:07','2024-07-02 01:00:07'),(54,'ZAP','\\comments','Zaproxy alias impedit expedita quisquam pariatur exercitationem. Nemo rerum eveniet dolores rem quia dignissimos.','2024-07-02 01:00:07','2024-07-02 01:00:07'),(55,'ZAP','zaproxy@example.com','c:/Windows/system.ini','2024-07-02 01:00:07','2024-07-02 01:00:07'),(56,'ZAP','zaproxy@example.com','../../../../../../../../../../../../../../../../Windows/system.ini','2024-07-02 01:00:07','2024-07-02 01:00:07'),(57,'ZAP','zaproxy@example.com','c:\\Windows\\system.ini','2024-07-02 01:00:08','2024-07-02 01:00:08'),(58,'ZAP','zaproxy@example.com','..\\..\\..\\..\\..\\..\\..\\..\\..\\..\\..\\..\\..\\..\\..\\..\\Windows\\system.ini','2024-07-02 01:00:08','2024-07-02 01:00:08'),(59,'ZAP','zaproxy@example.com','/etc/passwd','2024-07-02 01:00:08','2024-07-02 01:00:08'),(60,'ZAP','zaproxy@example.com','../../../../../../../../../../../../../../../../etc/passwd','2024-07-02 01:00:08','2024-07-02 01:00:08'),(61,'ZAP','zaproxy@example.com','c:/','2024-07-02 01:00:08','2024-07-02 01:00:08'),(62,'ZAP','zaproxy@example.com','/','2024-07-02 01:00:08','2024-07-02 01:00:08'),(63,'ZAP','zaproxy@example.com','c:\\','2024-07-02 01:00:08','2024-07-02 01:00:08'),(64,'ZAP','zaproxy@example.com','../../../../../../../../../../../../../../../../','2024-07-02 01:00:08','2024-07-02 01:00:08'),(65,'ZAP','zaproxy@example.com','WEB-INF/web.xml','2024-07-02 01:00:08','2024-07-02 01:00:08'),(66,'ZAP','zaproxy@example.com','WEB-INF\\web.xml','2024-07-02 01:00:08','2024-07-02 01:00:08'),(67,'ZAP','zaproxy@example.com','/WEB-INF/web.xml','2024-07-02 01:00:08','2024-07-02 01:00:08'),(68,'ZAP','zaproxy@example.com','\\WEB-INF\\web.xml','2024-07-02 01:00:08','2024-07-02 01:00:08'),(69,'ZAP','zaproxy@example.com','thishouldnotexistandhopefullyitwillnot','2024-07-02 01:00:08','2024-07-02 01:00:08'),(70,'ZAP','zaproxy@example.com','comments','2024-07-02 01:00:08','2024-07-02 01:00:08'),(71,'ZAP','zaproxy@example.com','/comments','2024-07-02 01:00:09','2024-07-02 01:00:09'),(72,'ZAP','zaproxy@example.com','\\comments','2024-07-02 01:00:09','2024-07-02 01:00:09'),(73,'ZAP','zaproxy@example.com','Zaproxy alias impedit expedita quisquam pariatur exercitationem. Nemo rerum eveniet dolores rem quia dignissimos.','2024-07-02 01:00:12','2024-07-02 01:00:12'),(74,'ZAP','zaproxy@example.com','Zaproxy alias impedit expedita quisquam pariatur exercitationem. Nemo rerum eveniet dolores rem quia dignissimos.','2024-07-02 01:26:43','2024-07-02 01:26:43');
